memberId,scoreKey,score
member-01,genre_denpa,1
member-01,genre_orthodox,2
member-01,face_raccoon_dog,2
member-01,sexy,2
member-01,elegant,2
member-01,charisma,1
member-01,facial,3
member-01,stability,2
member-01,cheer,2
member-01,social,2
member-02,genre_denpa,1
member-02,genre_orthodox,2
member-02,face_squirrel,1
member-02,cute,2
member-02,mysterious,2
member-02,dance,3
member-02,vocal,2
member-02,stability,2
member-02,charming,2
member-02,talk,2
member-03,genre_denpa,1
member-03,genre_orthodox,2
member-03,face_dog,2
member-03,cute,2
member-03,healing,3
member-03,idol_polished,2
member-03,energy,2
member-03,facial,3
member-03,comfort,2
member-03,kind,2
member-04,genre_denpa,1
member-04,genre_orthodox,2
member-04,face_cat,2
member-04,elegant,2
member-04,pure,2
member-04,growth,2
member-04,facial,2
member-04,charming,2
member-04,cool,2
member-04,recognition,2
member-05,genre_denpa,3
member-05,face_cat,1
member-05,youthful,2
member-05,cute,1
member-05,facial,2
member-05,stability,2
member-05,energy,1
member-05,recognition,2
member-05,talk,2
member-06,genre_denpa,3
member-06,face_squirrel,1
member-06,cute,1
member-06,youthful,2
member-06,dance,2
member-06,energy,3
member-06,facial,2
member-06,cheer,2
member-06,recognition,2
member-07,genre_denpa,3
member-07,face_dog,2
member-07,healing,2
member-07,cute,1
member-07,vocal,2
member-07,energy,3
member-07,stability,2
member-07,talk,2
member-07,kind,2
member-08,genre_denpa,3
member-08,face_cat,1
member-08,cute,2
member-08,idol_kpop,3
member-08,vocal,3
member-08,presence,2
member-08,energy,1
member-08,closeness,2
member-08,charming,2
member-09,genre_loud,2
member-09,genre_gothic,1
member-09,face_fox,1
member-09,cool,2
member-09,mysterious,2
member-09,vocal,2
member-09,energy,3
member-09,charisma,3
member-09,talk,2
member-09,gap,2
member-11,genre_orthodox,2
member-11,genre_magical,1
member-11,face_cat,2
member-11,idol_polished,1
member-11,healing,2
member-11,pure,1
member-11,growth,2
member-11,facial,1
member-11,kind,2
member-11,talk,2
member-12,genre_orthodox,2
member-12,genre_magical,1
member-12,face_raccoon_dog,2
member-12,pure,2
member-12,youthful,1
member-12,healing,2
member-12,growth,2
member-12,facial,1
member-12,kind,2
member-12,talk,2
member-13,genre_orthodox,2
member-13,genre_magical,1
member-13,face_rabbit,1
member-13,cute,2
member-13,youthful,1
member-13,growth,2
member-13,cheer,2
member-13,facial,1
member-13,kind,2
member-13,talk,2
member-14,genre_orthodox,2
member-14,genre_magical,1
member-14,face_rabbit,2
member-14,sexy,3
member-14,idol_polished,1
member-14,growth,2
member-14,presence,2
member-14,facial,1
member-14,kind,2
member-14,talk,2
member-16,genre_orthodox,2
member-16,genre_alt,1
member-16,face_raccoon_dog,1
member-16,sexy,3
member-16,elegant,1
member-16,dance,2
member-16,stability,2
member-16,expression,1
member-16,kind,2
member-16,talk,2
member-19,genre_dark,1
member-19,genre_gothic,2
member-19,face_dog,1
member-19,elegant,2
member-19,cool,1
member-19,expression,2
member-19,energy,1
member-19,charisma,1
member-19,kind,2
member-19,talk,2
member-20,genre_dark,1
member-20,genre_gothic,2
member-20,face_cat,3
member-20,cute,2
member-20,idol_polished,1
member-20,dance,1
member-20,energy,2
member-20,facial,1
member-20,kind,2
member-20,talk,2
member-21,genre_dark,1
member-21,genre_gothic,2
member-21,face_raccoon_dog,1
member-21,cool,1
member-21,mysterious,2
member-21,unique,1
member-21,stability,1
member-21,charisma,1
member-21,kind,2
member-21,talk,2
member-22,genre_dark,1
member-22,genre_gothic,2
member-22,face_rabbit,2
member-22,cute,2
member-22,youthful,2
member-22,mysterious,1
member-22,energy,1
member-22,facial,1
member-22,kind,2
member-22,talk,2
member-24,genre_loud,2
member-24,genre_dark,1
member-24,face_cat,2
member-24,cool,2
member-24,elegant,1
member-24,mysterious,1
member-24,dance,1
member-24,presence,1
member-24,kind,2
member-24,talk,2
member-25,genre_loud,2
member-25,genre_dark,1
member-25,face_rabbit,2
member-25,cute,1
member-25,youthful,1
member-25,energy,1
member-25,growth,2
member-25,kind,2
member-25,talk,2
member-26,genre_loud,2
member-26,genre_dark,1
member-26,mysterious,1
member-26,unique,1
member-26,dance,2
member-26,vocal,2
member-26,facial,1
member-26,kind,2
member-26,talk,2
member-26,face_dog,1
member-27,genre_alt,2
member-27,genre_orthodox,1
member-27,face_bird,1
member-27,pure,2
member-27,elegant,2
member-27,expression,1
member-27,facial,1
member-27,presence,2
member-27,kind,2
member-27,talk,2
member-28,genre_alt,2
member-28,genre_orthodox,1
member-28,unique,1
member-28,cute,1
member-28,vocal,2
member-28,energy,1
member-28,facial,2
member-28,kind,2
member-28,talk,2
member-28,face_dog,1
member-29,genre_alt,2
member-29,genre_orthodox,1
member-29,cute,1
member-29,youthful,2
member-29,growth,2
member-29,presence,1
member-29,facial,3
member-29,kind,2
member-29,talk,2
member-29,face_dog,2
member-30,genre_loud,3
member-30,face_fox,2
member-30,cool,2
member-30,mysterious,1
member-30,vocal,3
member-30,expression,1
member-30,energy,2
member-30,kind,2
member-30,talk,2
member-31,genre_loud,3
member-31,face_fox,2
member-31,elegant,1
member-31,unique,1
member-31,energy,2
member-31,expression,2
member-31,vocal,1
member-31,kind,2
member-31,social,2
member-36,genre_orthodox,3
member-36,cute,1
member-36,youthful,2
member-36,healing,1
member-36,facial,1
member-36,growth,1
member-36,kind,2
member-36,talk,2
member-36,face_dog,1
member-37,genre_orthodox,2
member-37,genre_magical,1
member-37,face_chick,1
member-37,cute,1
member-37,youthful,2
member-37,healing,1
member-37,growth,2
member-37,kind,2
member-37,talk,2
member-38,genre_orthodox,2
member-38,genre_magical,1
member-38,face_squirrel,2
member-38,cute,2
member-38,pure,2
member-38,idol_polished,1
member-38,youthful,1
member-38,growth,2
member-38,kind,2
member-38,talk,2
member-43,genre_orthodox,3
member-43,face_rabbit,2
member-43,pure,2
member-43,idol_polished,2
member-43,vocal,1
member-43,dance,2
member-43,facial,2
member-43,kind,2
member-43,talk,2
member-45,genre_orthodox,3
member-45,face_dog,2
member-45,healing,2
member-45,pure,2
member-45,facial,2
member-45,growth,2
member-45,dance,1
member-45,kind,2
member-45,social,2
member-46,genre_orthodox,3
member-46,face_fox,2
member-46,elegant,2
member-46,mysterious,1
member-46,vocal,3
member-46,expression,1
member-46,growth,1
member-46,talk,2
member-46,closeness,2
member-47,genre_denpa,2
member-47,genre_dark,1
member-47,face_fox,2
member-47,mysterious,2
member-47,youthful,1
member-47,stability,1
member-47,growth,1
member-47,kind,2
member-47,talk,2
member-51,genre_denpa,3
member-51,face_rabbit,2
member-51,cute,2
member-51,youthful,2
member-51,idol_polished,1
member-51,expression,1
member-51,stability,1
member-51,recognition,2
member-51,charming,2
member-52,genre_denpa,3
member-52,face_cat,2
member-52,elegant,2
member-52,mysterious,1
member-52,cool,1
member-52,charisma,1
member-52,vocal,1
member-52,kind,2
member-52,talk,2
member-53,genre_denpa,3
member-53,face_dog,1
member-53,sexy,2
member-53,cute,1
member-53,youthful,1
member-53,energy,2
member-53,facial,1
member-53,kind,2
member-53,closeness,2
member-54,genre_denpa,3
member-54,face_squirrel,2
member-54,cute,2
member-54,pure,3
member-54,idol_kpop,2
member-54,dance,1
member-54,facial,2
member-54,kind,2
member-54,talk,2
member-55,genre_denpa,3
member-55,youthful,2
member-55,healing,1
member-55,pure,1
member-55,energy,2
member-55,growth,2
member-55,kind,2
member-55,talk,2
member-55,face_dog,1
member-56,genre_loud,3
member-56,face_rabbit,1
member-56,unique,2
member-56,mysterious,1
member-56,vocal,2
member-56,charisma,2
member-56,expression,2
member-56,kind,2
member-56,talk,2
member-57,genre_loud,3
member-57,face_fox,1
member-57,cool,2
member-57,unique,1
member-57,vocal,3
member-57,energy,2
member-57,stability,1
member-57,kind,2
member-57,talk,2
member-58,genre_loud,3
member-58,mysterious,2
member-58,sexy,1
member-58,vocal,3
member-58,expression,3
member-58,charisma,2
member-58,kind,2
member-58,talk,2
member-58,face_dog,1
member-59,genre_alt,2
member-59,genre_orthodox,1
member-59,elegant,1
member-59,idol_kpop,1
member-59,dance,2
member-59,facial,2
member-59,stability,1
member-59,kind,2
member-59,talk,2
member-59,face_dog,2
member-60,genre_alt,2
member-60,genre_orthodox,1
member-60,face_cat,2
member-60,sexy,1
member-60,idol_kpop,2
member-60,elegant,2
member-60,stability,2
member-60,facial,2
member-60,kind,2
member-60,social,2
member-61,genre_alt,2
member-61,genre_orthodox,1
member-61,pure,1
member-61,elegant,1
member-61,energy,1
member-61,stability,1
member-61,facial,2
member-61,kind,2
member-61,talk,2
member-61,face_dog,1
member-62,genre_orthodox,2
member-62,genre_magical,1
member-62,face_rabbit,2
member-62,cute,1
member-62,pure,2
member-62,idol_kpop,3
member-62,facial,2
member-62,charisma,1
member-62,kind,2
member-62,talk,2
member-64,genre_orthodox,2
member-64,genre_magical,1
member-64,face_cat,2
member-64,elegant,1
member-64,cool,2
member-64,mysterious,1
member-64,dance,1
member-64,expression,2
member-64,kind,2
member-64,talk,2
member-65,genre_denpa,2
member-65,genre_loud,1
member-65,face_rabbit,3
member-65,cute,2
member-65,youthful,2
member-65,idol_polished,1
member-65,dance,1
member-65,energy,2
member-65,kind,2
member-65,talk,2
member-66,genre_denpa,2
member-66,genre_loud,1
member-66,face_squirrel,1
member-66,cool,1
member-66,pure,1
member-66,mysterious,2
member-66,energy,1
member-66,presence,1
member-66,kind,2
member-66,talk,2
member-67,genre_denpa,2
member-67,genre_loud,1
member-67,face_dog,1
member-67,elegant,2
member-67,idol_kpop,2
member-67,pure,1
member-67,expression,1
member-67,charisma,1
member-67,kind,2
member-67,talk,2
member-68,genre_denpa,2
member-68,genre_loud,1
member-68,face_rabbit,3
member-68,cute,2
member-68,pure,2
member-68,youthful,2
member-68,growth,1
member-68,facial,1
member-68,kind,2
member-68,talk,2
member-69,genre_denpa,2
member-69,genre_loud,1
member-69,face_rabbit,1
member-69,cute,1
member-69,healing,1
member-69,vocal,1
member-69,facial,1
member-69,kind,2
member-69,talk,2
member-70,genre_loud,3
member-70,face_cat,1
member-70,cool,2
member-70,unique,1
member-70,dance,2
member-70,vocal,2
member-70,charisma,2
member-70,energy,3
member-70,kind,2
member-70,talk,2
member-71,genre_loud,3
member-71,youthful,2
member-71,healing,1
member-71,vocal,3
member-71,energy,2
member-71,expression,2
member-71,kind,2
member-71,talk,2
member-71,face_dog,2
member-72,genre_loud,3
member-72,face_cat,1
member-72,elegant,2
member-72,pure,1
member-72,vocal,2
member-72,dance,2
member-72,facial,2
member-72,kind,2
member-72,talk,2
member-73,genre_loud,3
member-73,face_squirrel,3
member-73,cute,2
member-73,youthful,1
member-73,dance,1
member-73,expression,2
member-73,facial,3
member-73,kind,2
member-73,talk,2
member-74,genre_loud,3
member-74,face_rabbit,1
member-74,cute,1
member-74,pure,1
member-74,charisma,2
member-74,vocal,3
member-74,energy,2
member-74,kind,2
member-74,talk,2
member-75,genre_loud,3
member-75,face_cat,1
member-75,face_fox,1
member-75,cool,2
member-75,mysterious,2
member-75,stability,1
member-75,energy,1
member-75,expression,2
member-75,kind,2
member-75,talk,2
member-77,genre_alt,2
member-77,genre_denpa,1
member-77,pure,3
member-77,healing,2
member-77,vocal,2
member-77,stability,2
member-77,facial,2
member-77,kind,2
member-77,social,2
member-77,face_dog,1
member-78,genre_alt,2
member-78,genre_denpa,1
member-78,face_squirrel,1
member-78,cute,1
member-78,unique,1
member-78,vocal,2
member-78,expression,2
member-78,energy,2
member-78,kind,2
member-78,talk,2
member-79,genre_alt,2
member-79,genre_denpa,1
member-79,face_dog,2
member-79,youthful,2
member-79,healing,2
member-79,dance,2
member-79,vocal,2
member-79,facial,2
member-82,genre_loud,1
member-82,genre_denpa,1
member-82,genre_cyber,1
member-82,face_fox,1
member-82,pure,2
member-82,idol_kpop,2
member-82,dance,1
member-82,presence,2
member-82,facial,2
member-82,kind,2
member-82,talk,2
member-83,genre_alt,3
member-83,face_rabbit,1
member-83,cute,1
member-83,pure,1
member-83,dance,3
member-83,vocal,2
member-83,expression,3
member-83,talk,2
member-83,closeness,2
member-84,genre_alt,3
member-84,healing,1
member-84,youthful,1
member-84,vocal,2
member-84,stability,3
member-84,energy,2
member-84,kind,2
member-84,talk,2
member-84,face_dog,2
member-89,genre_loud,3
member-89,face_fox,2
member-89,cool,2
member-89,mysterious,1
member-89,expression,2
member-89,dance,1
member-89,stability,2
member-89,kind,2
member-89,talk,2
member-90,genre_loud,3
member-90,face_rabbit,2
member-90,cute,2
member-90,youthful,2
member-90,idol_polished,1
member-90,facial,2
member-90,vocal,1
member-90,energy,1
member-90,kind,2
member-90,talk,2
member-95,genre_orthodox,2
member-95,genre_denpa,1
member-95,face_squirrel,1
member-95,sexy,2
member-95,elegant,1
member-95,facial,2
member-95,stability,1
member-95,growth,1
member-95,kind,2
member-95,talk,2
member-96,genre_orthodox,2
member-96,genre_denpa,1
member-96,face_rabbit,2
member-96,cute,2
member-96,healing,2
member-96,youthful,1
member-96,stability,1
member-96,facial,2
member-96,kind,2
member-96,talk,2
member-97,genre_orthodox,2
member-97,genre_magical,1
member-97,face_fox,1
member-97,elegant,2
member-97,idol_kpop,2
member-97,energy,2
member-97,presence,1
member-97,facial,1
member-97,kind,2
member-97,talk,2
member-98,genre_orthodox,2
member-98,genre_magical,1
member-98,face_rabbit,1
member-98,pure,2
member-98,healing,1
member-98,vocal,3
member-98,expression,2
member-98,dance,1
member-98,kind,2
member-98,talk,2
member-99,genre_orthodox,2
member-99,genre_magical,1
member-99,face_rabbit,1
member-99,sexy,2
member-99,idol_kpop,2
member-99,dance,2
member-99,expression,1
member-99,presence,1
member-99,kind,2
member-99,talk,2
member-100,genre_orthodox,2
member-100,genre_denpa,1
member-100,face_squirrel,1
member-100,idol_kpop,2
member-100,cute,1
member-100,idol_polished,2
member-100,facial,2
member-100,presence,1
member-100,kind,2
member-100,talk,2
member-101,genre_orthodox,2
member-101,genre_denpa,1
member-101,face_rabbit,1
member-101,cute,1
member-101,youthful,2
member-101,healing,1
member-101,growth,2
member-101,energy,1
member-101,kind,2
member-101,talk,2
member-102,genre_orthodox,2
member-102,genre_denpa,1
member-102,face_cat,1
member-102,pure,2
member-102,mysterious,1
member-102,dance,1
member-102,facial,2
member-102,growth,2
member-102,kind,2
member-102,talk,2
member-103,genre_orthodox,2
member-103,genre_denpa,1
member-103,face_cat,2
member-103,pure,2
member-103,cute,2
member-103,youthful,2
member-103,facial,2
member-103,growth,1
member-103,kind,2
member-103,talk,2
member-105,genre_denpa,3
member-105,face_fox,1
member-105,healing,1
member-105,cute,1
member-105,stability,2
member-105,expression,2
member-105,facial,2
member-105,kind,2
member-105,talk,2
member-106,genre_denpa,3
member-106,face_rabbit,2
member-106,cute,2
member-106,youthful,2
member-106,idol_polished,2
member-106,vocal,2
member-106,energy,2
member-106,kind,2
member-106,talk,2
member-107,genre_denpa,3
member-107,face_fox,1
member-107,sexy,3
member-107,elegant,2
member-107,facial,2
member-107,energy,2
member-107,dance,1
member-107,closeness,2
member-107,gap,2
member-108,genre_denpa,3
member-108,mysterious,1
member-108,idol_kpop,1
member-108,dance,3
member-108,expression,2
member-108,energy,2
member-108,kind,2
member-108,talk,2
member-108,face_dog,1
member-109,genre_denpa,3
member-109,face_cat,1
member-109,idol_kpop,3
member-109,elegant,2
member-109,dance,1
member-109,expression,1
member-109,facial,2
member-109,kind,2
member-109,talk,2
member-110,genre_gothic,1
member-110,genre_dark,2
member-110,face_cat,1
member-110,mysterious,2
member-110,cute,1
member-110,vocal,2
member-110,facial,2
member-110,expression,2
member-110,kind,2
member-110,talk,2
member-111,genre_gothic,1
member-111,genre_dark,2
member-111,face_dog,2
member-111,cool,1
member-111,unique,2
member-111,vocal,1
member-111,expression,1
member-111,energy,2
member-111,kind,2
member-111,talk,2
member-112,genre_gothic,1
member-112,genre_dark,2
member-112,mysterious,2
member-112,unique,2
member-112,vocal,1
member-112,expression,2
member-112,charisma,2
member-112,kind,2
member-112,talk,2
member-112,face_dog,1
member-113,genre_gothic,1
member-113,genre_dark,2
member-113,face_fox,1
member-113,pure,2
member-113,mysterious,1
member-113,dance,2
member-113,expression,1
member-113,energy,2
member-113,kind,2
member-113,talk,2
member-114,genre_gothic,1
member-114,genre_dark,2
member-114,face_dog,2
member-114,healing,1
member-114,mysterious,2
member-114,expression,3
member-114,vocal,2
member-114,facial,2
member-114,kind,2
member-114,talk,2
member-115,genre_loud,2
member-115,genre_alt,1
member-115,face_rabbit,2
member-115,idol_polished,2
member-115,pure,2
member-115,expression,3
member-115,stability,2
member-115,facial,2
member-115,kind,2
member-115,talk,2
member-116,genre_loud,2
member-116,genre_alt,1
member-116,face_fox,1
member-116,cool,1
member-116,elegant,1
member-116,dance,3
member-116,expression,3
member-116,energy,3
member-116,kind,2
member-116,calm,2
member-117,genre_loud,2
member-117,genre_alt,1
member-117,face_dog,2
member-117,elegant,2
member-117,pure,1
member-117,dance,2
member-117,vocal,2
member-117,facial,2
member-117,kind,2
member-117,talk,2
member-118,genre_loud,2
member-118,genre_alt,1
member-118,pure,2
member-118,healing,2
member-118,idol_polished,2
member-118,stability,2
member-118,facial,2
member-118,kind,2
member-118,talk,2
member-118,face_dog,2
member-119,genre_loud,3
member-119,face_fox,2
member-119,cool,2
member-119,mysterious,1
member-119,unique,2
member-119,energy,2
member-119,growth,1
member-119,kind,2
member-119,talk,2
member-120,genre_loud,3
member-120,face_cat,2
member-120,cool,2
member-120,elegant,1
member-120,vocal,2
member-120,energy,2
member-120,charisma,1
member-120,kind,2
member-120,talk,2
member-123,genre_orthodox,2
member-123,genre_denpa,1
member-123,face_rabbit,2
member-123,cute,1
member-123,healing,1
member-123,energy,2
member-123,facial,2
member-123,growth,1
member-123,kind,2
member-123,talk,2
member-124,genre_orthodox,2
member-124,genre_denpa,1
member-124,face_cat,2
member-124,cute,1
member-124,youthful,2
member-124,presence,1
member-124,idol_polished,1
member-124,growth,1
member-124,kind,2
member-124,talk,2
member-125,genre_orthodox,2
member-125,genre_denpa,1
member-125,face_dog,1
member-125,elegant,1
member-125,healing,1
member-125,energy,2
member-125,facial,2
member-125,stability,1
member-125,kind,2
member-125,talk,2
member-126,genre_loud,3
member-126,face_fox,2
member-126,cool,1
member-126,mysterious,1
member-126,vocal,2
member-126,facial,2
member-126,energy,2
member-126,kind,2
member-126,talk,2
member-127,genre_loud,3
member-127,face_fox,2
member-127,sexy,2
member-127,elegant,2
member-127,facial,1
member-127,presence,1
member-127,energy,1
member-127,kind,2
member-127,talk,2
member-128,genre_loud,3
member-128,cute,1
member-128,healing,2
member-128,dance,2
member-128,energy,2
member-128,facial,1
member-128,kind,2
member-128,talk,2
member-128,face_dog,2
member-129,genre_loud,3
member-129,face_fox,2
member-129,cool,2
member-129,unique,2
member-129,mysterious,1
member-129,facial,1
member-129,charisma,1
member-129,kind,2
member-129,talk,2
member-130,genre_loud,3
member-130,face_cat,2
member-130,pure,1
member-130,cute,1
member-130,vocal,2
member-130,facial,1
member-130,stability,2
member-130,kind,2
member-130,talk,2
member-131,genre_denpa,2
member-131,genre_orthodox,1
member-131,face_fox,1
member-131,elegant,1
member-131,idol_kpop,1
member-131,energy,2
member-131,vocal,1
member-131,facial,1
member-131,kind,2
member-131,talk,2
member-132,genre_denpa,2
member-132,genre_orthodox,1
member-132,face_rabbit,2
member-132,cute,1
member-132,youthful,2
member-132,energy,1
member-132,stability,1
member-132,facial,2
member-132,kind,2
member-132,talk,2
member-133,genre_denpa,2
member-133,genre_orthodox,1
member-133,face_cat,1
member-133,cute,1
member-133,pure,2
member-133,idol_polished,2
member-133,vocal,2
member-133,facial,1
member-133,kind,2
member-133,talk,2
member-134,genre_orthodox,3
member-134,face_squirrel,1
member-134,healing,1
member-134,youthful,2
member-134,pure,1
member-134,expression,1
member-134,growth,2
member-134,kind,2
member-134,talk,2
member-135,genre_orthodox,3
member-135,face_squirrel,2
member-135,cute,2
member-135,youthful,1
member-135,idol_polished,2
member-135,growth,2
member-135,presence,1
member-135,kind,2
member-135,talk,2
member-137,genre_orthodox,3
member-137,face_rabbit,2
member-137,idol_polished,2
member-137,cute,1
member-137,expression,1
member-137,facial,2
member-137,energy,2
member-137,kind,2
member-137,talk,2
member-138,genre_loud,3
member-138,face_fox,1
member-138,cool,2
member-138,unique,2
member-138,vocal,2
member-138,expression,2
member-138,charisma,1
member-138,kind,2
member-138,talk,2
member-140,genre_loud,3
member-140,elegant,1
member-140,sexy,2
member-140,vocal,2
member-140,facial,1
member-140,energy,2
member-140,kind,2
member-140,talk,2
member-140,face_dog,2
member-141,genre_loud,3
member-141,face_cat,1
member-141,cute,1
member-141,pure,2
member-141,vocal,2
member-141,expression,1
member-141,energy,2
member-141,kind,2
member-141,talk,2
member-142,genre_loud,3
member-142,face_cat,2
member-142,pure,1
member-142,idol_polished,1
member-142,vocal,2
member-142,facial,2
member-142,charisma,2
member-142,kind,2
member-142,talk,2
member-146,genre_loud,3
member-146,face_fox,1
member-146,cool,2
member-146,elegant,1
member-146,vocal,2
member-146,expression,1
member-146,energy,2
member-146,kind,2
member-146,talk,2
member-147,genre_loud,3
member-147,face_dog,1
member-147,elegant,2
member-147,cool,1
member-147,mysterious,1
member-147,expression,2
member-147,facial,1
member-147,kind,2
member-147,talk,2
member-149,genre_gothic,2
member-149,genre_dark,1
member-149,face_fox,1
member-149,sexy,2
member-149,mysterious,1
member-149,expression,2
member-149,vocal,1
member-149,stability,2
member-149,kind,2
member-149,talk,2
member-152,genre_gothic,2
member-152,genre_dark,1
member-152,face_cat,2
member-152,elegant,1
member-152,vocal,2
member-152,facial,2
member-152,expression,1
member-152,kind,2
member-152,talk,2
member-153,genre_denpa,2
member-153,genre_dark,1
member-153,face_squirrel,1
member-153,youthful,1
member-153,healing,1
member-153,stability,2
member-153,vocal,2
member-153,facial,1
member-153,kind,2
member-153,talk,2
member-154,genre_denpa,2
member-154,genre_dark,1
member-154,face_cat,2
member-154,cute,1
member-154,youthful,1
member-154,stability,1
member-154,growth,1
member-154,facial,2
member-154,kind,2
member-154,talk,2
member-156,genre_denpa,2
member-156,genre_dark,1
member-156,face_rabbit,2
member-156,pure,2
member-156,cool,1
member-156,facial,1
member-156,growth,1
member-156,presence,1
member-156,kind,2
member-156,talk,2
member-160,genre_orthodox,2
member-160,genre_denpa,1
member-160,face_cat,2
member-160,cool,1
member-160,pure,1
member-160,elegant,1
member-160,growth,2
member-160,vocal,1
member-160,kind,2
member-160,talk,2
member-164,genre_loud,2
member-164,genre_dark,1
member-164,face_squirrel,2
member-164,mysterious,1
member-164,cool,1
member-164,growth,2
member-164,facial,1
member-164,expression,1
member-164,kind,2
member-164,talk,2
member-165,genre_loud,2
member-165,genre_dark,1
member-165,face_squirrel,1
member-165,mysterious,2
member-165,cool,1
member-165,growth,1
member-165,facial,1
member-165,energy,1
member-165,kind,2
member-165,talk,2
member-166,genre_loud,2
member-166,genre_dark,1
member-166,face_cat,2
member-166,mysterious,1
member-166,cool,1
member-166,energy,2
member-166,facial,2
member-166,expression,1
member-166,kind,2
member-166,talk,2
member-167,genre_alt,3
member-167,face_squirrel,1
member-167,cute,1
member-167,pure,2
member-167,dance,1
member-167,facial,2
member-167,energy,2
member-167,kind,2
member-167,talk,2
member-168,genre_alt,3
member-168,face_cat,1
member-168,cute,1
member-168,youthful,1
member-168,vocal,2
member-168,facial,2
member-168,stability,1
member-168,kind,2
member-168,talk,2
member-169,genre_dark,2
member-169,genre_gothic,1
member-169,youthful,1
member-169,healing,2
member-169,vocal,1
member-169,stability,2
member-169,presence,1
member-169,kind,2
member-169,talk,2
member-169,face_dog,2
member-170,genre_dark,2
member-170,genre_gothic,1
member-170,face_cat,2
member-170,cool,2
member-170,mysterious,1
member-170,unique,1
member-170,growth,1
member-170,facial,1
member-170,kind,2
member-170,talk,2
member-171,genre_dark,2
member-171,genre_gothic,1
member-171,elegant,1
member-171,mysterious,1
member-171,expression,1
member-171,growth,2
member-171,facial,1
member-171,kind,2
member-171,talk,2
member-171,face_dog,2
member-172,genre_dark,2
member-172,genre_gothic,1
member-172,face_rabbit,2
member-172,cute,1
member-172,youthful,2
member-172,energy,1
member-172,facial,1
member-172,growth,2
member-172,kind,2
member-172,talk,2
member-173,genre_dark,2
member-173,genre_gothic,1
member-173,face_dog,1
member-173,unique,2
member-173,mysterious,2
member-173,cool,1
member-173,energy,2
member-173,expression,1
member-173,kind,2
member-173,talk,2
member-175,genre_loud,2
member-175,genre_cyber,1
member-175,face_squirrel,1
member-175,pure,1
member-175,cute,2
member-175,growth,2
member-175,facial,1
member-175,presence,1
member-175,kind,2
member-175,talk,2
member-176,genre_loud,2
member-176,genre_cyber,1
member-176,face_fox,1
member-176,elegant,2
member-176,stability,1
member-176,idol_kpop,1
member-176,growth,1
member-176,facial,2
member-176,kind,2
member-176,talk,2
member-177,genre_loud,2
member-177,genre_dark,1
member-177,face_squirrel,1
member-177,cute,1
member-177,youthful,2
member-177,dance,1
member-177,energy,1
member-177,expression,2
member-177,kind,2
member-177,talk,2
member-178,genre_loud,2
member-178,genre_dark,1
member-178,face_fox,1
member-178,cool,2
member-178,mysterious,1
member-178,dance,1
member-178,presence,2
member-178,expression,1
member-178,kind,2
member-178,talk,2
member-179,genre_loud,2
member-179,genre_dark,1
member-179,face_fox,1
member-179,cool,2
member-179,youthful,1
member-179,dance,2
member-179,expression,2
member-179,energy,1
member-179,kind,2
member-179,talk,2
member-180,genre_loud,2
member-180,genre_dark,1
member-180,face_rabbit,2
member-180,cute,1
member-180,healing,2
member-180,pure,1
member-180,vocal,2
member-180,energy,1
member-180,kind,2
member-180,talk,2
member-181,genre_orthodox,3
member-181,face_rabbit,1
member-181,sexy,2
member-181,pure,1
member-181,stability,1
member-181,facial,1
member-181,expression,2
member-181,kind,2
member-181,talk,2
member-182,genre_orthodox,2
member-182,genre_loud,1
member-182,sexy,1
member-182,elegant,1
member-182,energy,2
member-182,expression,2
member-182,vocal,1
member-182,kind,2
member-182,talk,2
member-183,genre_denpa,2
member-183,genre_orthodox,1
member-183,face_fox,1
member-183,elegant,1
member-183,cool,1
member-183,growth,2
member-183,facial,1
member-183,kind,2
member-183,talk,2
member-186,genre_denpa,2
member-186,genre_orthodox,1
member-186,face_dog,1
member-186,cool,1
member-186,mysterious,1
member-186,unique,2
member-186,growth,1
member-186,energy,2
member-186,kind,2
member-186,talk,2
member-187,genre_loud,2
member-187,genre_gothic,1
member-187,face_dog,1
member-187,sexy,2
member-187,youthful,1
member-187,energy,2
member-187,dance,1
member-187,vocal,2
member-187,kind,2
member-187,talk,2
member-188,genre_loud,3
member-188,face_squirrel,1
member-188,idol_polished,2
member-188,pure,2
member-188,vocal,2
member-188,facial,1
member-188,presence,2
member-188,kind,2
member-188,talk,2
member-189,genre_loud,3
member-189,face_fox,1
member-189,cool,1
member-189,mysterious,2
member-189,expression,2
member-189,dance,1
member-189,stability,1
member-189,kind,2
member-189,talk,2
member-190,genre_loud,3
member-190,face_dog,1
member-190,cute,1
member-190,healing,2
member-190,vocal,2
member-190,dance,2
member-190,expression,2
member-190,kind,2
member-190,talk,2
member-191,genre_loud,3
member-191,face_dog,2
member-191,cool,1
member-191,unique,2
member-191,vocal,3
member-191,expression,1
member-191,charisma,1
member-191,kind,2
member-191,talk,2
member-193,genre_alt,3
member-193,face_fox,1
member-193,pure,2
member-193,elegant,2
member-193,growth,1
member-193,presence,2
member-193,idol_polished,1
member-193,kind,2
member-193,talk,2
member-194,genre_alt,3
member-194,face_cat,2
member-194,cute,2
member-194,youthful,2
member-194,idol_polished,2
member-194,facial,3
member-194,presence,2
member-194,kind,2
member-194,talk,2
member-195,genre_alt,3
member-195,face_rabbit,2
member-195,pure,2
member-195,elegant,2
member-195,dance,3
member-195,vocal,2
member-195,expression,2
member-195,kind,2
member-195,talk,2
member-196,genre_alt,3
member-196,face_dog,2
member-196,cute,1
member-196,youthful,2
member-196,healing,2
member-196,growth,2
member-196,presence,1
member-196,kind,2
member-196,talk,2
member-197,genre_alt,3
member-197,face_cat,2
member-197,elegant,2
member-197,sexy,2
member-197,energy,2
member-197,expression,2
member-197,charisma,2
member-197,kind,2
member-197,talk,2
member-198,genre_alt,3
member-198,face_cat,2
member-198,healing,2
member-198,elegant,2
member-198,vocal,2
member-198,expression,2
member-198,facial,2
member-198,kind,2
member-198,talk,2
member-199,genre_alt,3
member-199,face_rabbit,2
member-199,pure,2
member-199,idol_polished,2
member-199,facial,2
member-199,energy,2
member-199,dance,1
member-199,kind,2
member-199,talk,2
member-200,genre_denpa,3
member-200,face_cat,2
member-200,cute,2
member-200,youthful,2
member-200,expression,2
member-200,energy,3
member-200,facial,3
member-200,kind,2
member-200,talk,2
member-201,genre_denpa,3
member-201,face_dog,2
member-201,healing,1
member-201,youthful,2
member-201,dance,1
member-201,energy,2
member-201,facial,2
member-201,kind,2
member-201,talk,2
member-202,genre_denpa,3
member-202,face_squirrel,2
member-202,cute,2
member-202,youthful,2
member-202,dance,2
member-202,energy,2
member-202,facial,1
member-202,kind,2
member-202,talk,2
member-203,genre_denpa,3
member-203,face_dog,2
member-203,pure,2
member-203,cute,1
member-203,energy,2
member-203,facial,1
member-203,growth,2
member-203,kind,2
member-203,talk,2
member-204,genre_orthodox,3
member-204,face_rabbit,2
member-204,cute,3
member-204,pure,2
member-204,idol_polished,3
member-204,facial,2
member-204,growth,2
member-204,kind,2
member-204,talk,2
member-205,genre_orthodox,3
member-205,face_fox,2
member-205,pure,2
member-205,elegant,1
member-205,energy,2
member-205,growth,2
member-205,facial,1
member-205,kind,2
member-205,talk,2
member-206,genre_orthodox,3
member-206,face_fox,2
member-206,elegant,1
member-206,mysterious,2
member-206,cool,2
member-206,charisma,1
member-206,facial,1
member-206,kind,2
member-206,talk,2
member-207,genre_orthodox,3
member-207,face_dog,2
member-207,healing,2
member-207,youthful,1
member-207,expression,1
member-207,growth,2
member-207,facial,1
member-207,kind,2
member-207,talk,2
member-208,genre_alt,2
member-208,genre_orthodox,1
member-208,face_cat,2
member-208,elegant,2
member-208,pure,1
member-208,vocal,2
member-208,stability,2
member-208,expression,2
member-208,kind,2
member-208,talk,2
member-209,genre_alt,2
member-209,genre_denpa,1
member-209,face_cat,2
member-209,pure,1
member-209,mysterious,2
member-209,presence,2
member-209,expression,2
member-209,facial,1
member-209,kind,2
member-209,talk,2
member-210,genre_alt,2
member-210,genre_denpa,1
member-210,face_dog,2
member-210,healing,2
member-210,mysterious,1
member-210,energy,2
member-210,stability,1
member-210,facial,1
member-210,kind,2
member-210,talk,2
member-211,genre_loud,3
member-211,face_cat,2
member-211,cool,1
member-211,elegant,1
member-211,dance,2
member-211,energy,2
member-211,stability,2
member-211,kind,2
member-211,talk,2
member-212,genre_loud,3
member-212,face_fox,2
member-212,cool,2
member-212,mysterious,2
member-212,expression,1
member-212,energy,2
member-212,charisma,1
member-212,kind,2
member-212,talk,2
member-213,genre_loud,3
member-213,face_dog,2
member-213,elegant,1
member-213,healing,1
member-213,energy,2
member-213,facial,1
member-213,stability,2
member-213,kind,2
member-213,talk,2
member-215,genre_alt,3
member-215,face_rabbit,2
member-215,idol_polished,2
member-215,pure,2
member-215,dance,2
member-215,energy,2
member-215,facial,3
member-215,kind,2
member-215,talk,2
member-216,genre_alt,3
member-216,face_cat,2
member-216,elegant,2
member-216,sexy,1
member-216,dance,2
member-216,energy,3
member-216,presence,2
member-216,kind,2
member-216,talk,2
member-217,genre_alt,3
member-217,face_squirrel,2
member-217,mysterious,1
member-217,cool,1
member-217,dance,2
member-217,energy,2
member-217,expression,2
member-217,kind,2
member-217,talk,2
member-218,genre_orthodox,1
member-218,genre_denpa,2
member-218,face_cat,2
member-218,sexy,3
member-218,cute,1
member-218,expression,2
member-218,stability,2
member-218,facial,2
member-218,kind,2
member-218,talk,2
member-219,genre_orthodox,1
member-219,genre_denpa,2
member-219,face_dog,2
member-219,pure,1
member-219,healing,2
member-219,mysterious,1
member-219,growth,2
member-219,energy,1
member-219,kind,2
member-219,talk,2
member-220,genre_orthodox,1
member-220,genre_denpa,2
member-220,face_rabbit,2
member-220,cute,2
member-220,youthful,2
member-220,facial,2
member-220,expression,1
member-220,growth,2
member-220,kind,2
member-220,talk,2
member-221,genre_orthodox,1
member-221,genre_denpa,2
member-221,face_dog,2
member-221,healing,1
member-221,elegant,2
member-221,facial,1
member-221,presence,1
member-221,growth,1
member-221,kind,2
member-221,talk,2
member-222,genre_loud,3
member-222,face_dog,2
member-222,healing,1
member-222,sexy,1
member-222,dance,3
member-222,expression,2
member-222,charisma,3
member-222,kind,2
member-222,talk,2
member-223,genre_loud,3
member-223,face_cat,2
member-223,mysterious,2
member-223,cool,2
member-223,dance,2
member-223,vocal,2
member-223,energy,2
member-223,kind,2
member-223,talk,2
member-224,genre_loud,3
member-224,face_fox,2
member-224,cool,2
member-224,unique,1
member-224,expression,2
member-224,energy,2
member-224,stability,2
member-224,kind,2
member-224,talk,2
member-225,genre_alt,3
member-225,face_rabbit,2
member-225,cute,1
member-225,cool,2
member-225,stability,2
member-225,energy,2
member-225,presence,2
member-225,kind,2
member-225,talk,2
member-226,genre_alt,3
member-226,face_rabbit,2
member-226,elegant,2
member-226,pure,1
member-226,idol_polished,1
member-226,expression,2
member-226,presence,2
member-226,kind,2
member-226,talk,2
member-227,genre_alt,3
member-227,face_dog,2
member-227,youthful,1
member-227,healing,2
member-227,cute,1
member-227,growth,2
member-227,presence,1
member-227,kind,2
member-227,talk,2
member-228,genre_alt,3
member-228,face_dog,2
member-228,pure,1
member-228,elegant,2
member-228,energy,2
member-228,facial,1
member-228,growth,2
member-228,kind,2
member-228,talk,2
member-229,genre_denpa,3
member-229,face_fox,2
member-229,sexy,2
member-229,elegant,2
member-229,energy,2
member-229,expression,2
member-229,facial,2
member-229,kind,2
member-229,talk,2
member-230,genre_denpa,3
member-230,face_rabbit,2
member-230,elegant,2
member-230,pure,2
member-230,dance,2
member-230,expression,1
member-230,facial,2
member-230,kind,2
member-230,talk,2
member-231,genre_gothic,3
member-231,face_squirrel,2
member-231,unique,2
member-231,mysterious,2
member-231,cute,1
member-231,facial,2
member-231,growth,2
member-231,kind,2
member-231,talk,2
member-232,genre_gothic,3
member-232,face_fox,2
member-232,mysterious,2
member-232,unique,2
member-232,cool,1
member-232,energy,2
member-232,charisma,2
member-232,kind,2
member-232,talk,2
member-234,genre_denpa,2
member-234,genre_orthodox,1
member-234,face_dog,2
member-234,pure,2
member-234,healing,2
member-234,cute,1
member-234,energy,1
member-234,facial,2
member-234,kind,2
member-234,talk,2
member-235,genre_denpa,2
member-235,genre_orthodox,1
member-235,face_squirrel,2
member-235,cute,1
member-235,pure,2
member-235,facial,2
member-235,energy,2
member-235,expression,1
member-235,kind,2
member-235,talk,2
member-236,genre_denpa,2
member-236,genre_orthodox,1
member-236,face_dog,2
member-236,unique,2
member-236,healing,1
member-236,vocal,2
member-236,energy,2
member-236,growth,1
member-236,kind,2
member-236,talk,2
member-237,genre_orthodox,1
member-237,genre_denpa,2
member-237,face_cat,2
member-237,healing,2
member-237,cute,1
member-237,pure,1
member-237,expression,2
member-237,facial,2
member-237,kind,2
member-237,talk,2
member-238,genre_orthodox,1
member-238,genre_denpa,2
member-238,face_cat,2
member-238,cute,3
member-238,idol_kpop,3
member-238,idol_polished,2
member-238,dance,2
member-238,presence,2
member-238,facial,2
member-238,kind,2
member-238,talk,2
member-239,genre_orthodox,1
member-239,genre_denpa,2
member-239,face_fox,2
member-239,elegant,1
member-239,cool,1
member-239,dance,2
member-239,expression,2
member-239,facial,1
member-239,kind,2
member-239,talk,2
member-240,genre_orthodox,1
member-240,genre_denpa,2
member-240,face_dog,2
member-240,healing,2
member-240,elegant,1
member-240,vocal,1
member-240,energy,2
member-240,growth,1
member-240,kind,2
member-240,talk,2
member-241,genre_orthodox,1
member-241,genre_denpa,2
member-241,face_dog,2
member-241,healing,2
member-241,pure,1
member-241,energy,1
member-241,growth,2
member-241,facial,1
member-241,kind,2
member-241,talk,2
member-242,genre_orthodox,3
member-242,face_rabbit,3
member-242,cute,2
member-242,idol_polished,3
member-242,dance,2
member-242,expression,2
member-242,facial,3
member-242,kind,2
member-242,talk,2
member-243,genre_orthodox,3
member-243,face_squirrel,2
member-243,pure,2
member-243,cute,2
member-243,expression,2
member-243,stability,2
member-243,charisma,2
member-243,kind,2
member-243,talk,2
member-244,genre_alt,2
member-244,genre_denpa,1
member-244,elegant,1
member-244,pure,2
member-244,vocal,2
member-244,facial,2
member-244,stability,1
member-244,kind,2
member-244,talk,2
member-245,genre_alt,2
member-245,genre_denpa,1
member-245,face_dog,2
member-245,cool,2
member-245,mysterious,2
member-245,energy,2
member-245,expression,2
member-245,charisma,1
member-245,kind,2
member-245,talk,2
member-246,genre_alt,2
member-246,genre_denpa,1
member-246,face_fox,2
member-246,cool,2
member-246,mysterious,2
member-246,facial,2
member-246,expression,2
member-246,charisma,1
member-246,kind,2
member-246,talk,2
member-247,genre_orthodox,2
member-247,genre_denpa,1
member-247,face_dog,2
member-247,healing,2
member-247,pure,1
member-247,youthful,1
member-247,growth,2
member-247,energy,1
member-247,kind,2
member-247,talk,2
member-248,genre_orthodox,2
member-248,genre_denpa,1
member-248,face_rabbit,2
member-248,cute,2
member-248,pure,2
member-248,idol_polished,2
member-248,growth,2
member-248,presence,2
member-248,kind,2
member-248,talk,2
member-249,genre_orthodox,2
member-249,genre_denpa,1
member-249,face_fox,2
member-249,elegant,2
member-249,cute,1
member-249,dance,1
member-249,energy,2
member-249,growth,2
member-249,kind,2
member-249,talk,2
member-250,genre_orthodox,2
member-250,genre_denpa,1
member-250,face_cat,2
member-250,cute,1
member-250,energy,1
member-250,growth,2
member-250,facial,2
member-250,kind,2
member-250,talk,2
member-251,genre_orthodox,2
member-251,genre_denpa,1
member-251,face_rabbit,2
member-251,healing,1
member-251,pure,2
member-251,idol_polished,2
member-251,expression,2
member-251,presence,2
member-251,kind,2
member-251,talk,2
member-252,genre_denpa,3
member-252,face_cat,2
member-252,cute,2
member-252,idol_polished,2
member-252,dance,2
member-252,energy,2
member-252,facial,2
member-252,kind,2
member-252,talk,2
member-253,genre_denpa,3
member-253,face_cat,2
member-253,sexy,1
member-253,healing,2
member-253,growth,1
member-253,energy,1
member-253,presence,1
member-253,kind,2
member-253,talk,2
member-254,genre_denpa,3
member-254,face_rabbit,2
member-254,pure,1
member-254,healing,2
member-254,energy,2
member-254,expression,1
member-254,facial,2
member-254,kind,2
member-254,talk,2
member-255,genre_denpa,3
member-255,face_fox,2
member-255,elegant,2
member-255,pure,2
member-255,dance,2
member-255,stability,2
member-255,facial,2
member-255,kind,2
member-255,talk,2
member-256,genre_denpa,3
member-256,face_cat,2
member-256,elegant,1
member-256,cool,2
member-256,sexy,2
member-256,energy,2
member-256,facial,2
member-256,kind,2
member-256,talk,2
member-257,genre_denpa,3
member-257,face_squirrel,2
member-257,pure,1
member-257,youthful,2
member-257,energy,2
member-257,expression,1
member-257,facial,1
member-257,kind,2
member-257,talk,2
member-258,genre_denpa,2
member-258,genre_loud,1
member-258,face_dog,2
member-258,healing,2
member-258,youthful,1
member-258,energy,2
member-258,facial,1
member-258,growth,1
member-258,kind,2
member-258,talk,2
member-259,genre_denpa,2
member-259,genre_loud,1
member-259,face_fox,2
member-259,cool,2
member-259,mysterious,2
member-259,unique,2
member-259,vocal,1
member-259,expression,2
member-259,kind,2
member-259,talk,2
member-260,genre_denpa,2
member-260,genre_loud,1
member-260,face_cat,1
member-260,cool,2
member-260,healing,1
member-260,mysterious,1
member-260,energy,2
member-260,expression,1
member-260,kind,2
member-260,talk,2
member-261,genre_denpa,2
member-261,genre_loud,1
member-261,face_dog,2
member-261,cool,2
member-261,mysterious,2
member-261,dance,2
member-261,energy,2
member-261,expression,2
member-261,kind,2
member-261,talk,2
member-262,genre_denpa,1
member-262,genre_loud,1
member-262,genre_alt,2
member-262,face_cat,2
member-262,sexy,2
member-262,elegant,2
member-262,facial,2
member-262,charisma,2
member-262,expression,2
member-262,kind,2
member-262,talk,2
member-263,genre_cyber,2
member-263,genre_loud,2
member-263,face_cat,2
member-263,cool,2
member-263,unique,2
member-263,mysterious,1
member-263,charisma,1
member-263,expression,2
member-263,kind,2
member-263,talk,2
member-264,genre_cyber,2
member-264,genre_loud,2
member-264,face_fox,2
member-264,cool,1
member-264,mysterious,2
member-264,unique,2
member-264,energy,2
member-264,expression,1
member-264,kind,2
member-264,talk,2
member-265,genre_cyber,2
member-265,genre_loud,2
member-265,face_fox,2
member-265,cool,2
member-265,unique,2
member-265,dance,2
member-265,expression,2
member-265,charisma,2
member-265,kind,2
member-265,talk,2
member-266,genre_cyber,2
member-266,genre_loud,2
member-266,face_cat,2
member-266,cute,1
member-266,idol_polished,1
member-266,dance,2
member-266,expression,2
member-266,energy,2
member-266,kind,2
member-266,talk,2
member-267,genre_alt,3
member-267,face_dog,2
member-267,healing,2
member-267,pure,2
member-267,vocal,2
member-267,energy,2
member-267,facial,2
member-267,kind,2
member-267,talk,2
member-268,genre_alt,3
member-268,face_dog,2
member-268,healing,1
member-268,youthful,1
member-268,facial,1
member-268,growth,2
member-268,energy,1
member-268,kind,2
member-268,talk,2
member-269,genre_alt,3
member-269,face_rabbit,2
member-269,elegant,2
member-269,pure,1
member-269,energy,2
member-269,stability,1
member-269,facial,2
member-269,kind,2
member-269,talk,2
member-270,genre_denpa,3
member-270,face_dog,2
member-270,healing,1
member-270,pure,1
member-270,growth,1
member-270,energy,2
member-270,facial,1
member-270,kind,2
member-270,talk,2
member-271,genre_denpa,3
member-271,face_squirrel,2
member-271,cute,1
member-271,unique,1
member-271,energy,2
member-271,vocal,1
member-271,charisma,1
member-271,kind,2
member-271,talk,2
member-272,genre_denpa,3
member-272,face_dog,2
member-272,mysterious,1
member-272,pure,1
member-272,expression,1
member-272,facial,1
member-272,energy,2
member-272,kind,2
member-272,talk,2
member-273,genre_denpa,3
member-273,face_rabbit,2
member-273,cute,2
member-273,pure,1
member-273,idol_polished,1
member-273,growth,2
member-273,presence,2
member-273,kind,2
member-273,talk,2
member-274,genre_denpa,3
member-274,face_dog,2
member-274,healing,1
member-274,youthful,2
member-274,pure,1
member-274,energy,1
member-274,growth,2
member-274,kind,2
member-274,talk,2
member-275,genre_denpa,3
member-275,face_cat,2
member-275,pure,1
member-275,cute,1
member-275,energy,2
member-275,stability,2
member-275,facial,2
member-275,kind,2
member-275,talk,2
member-276,genre_denpa,3
member-276,face_fox,2
member-276,elegant,2
member-276,cool,2
member-276,facial,1
member-276,energy,2
member-276,charisma,1
member-276,kind,2
member-276,talk,2
member-277,genre_orthodox,1
member-277,genre_denpa,2
member-277,face_chick,2
member-277,cute,1
member-277,youthful,2
member-277,growth,1
member-277,facial,1
member-277,energy,1
member-277,kind,2
member-277,talk,2
member-278,genre_orthodox,1
member-278,genre_denpa,2
member-278,face_dog,2
member-278,youthful,2
member-278,healing,1
member-278,energy,1
member-278,presence,1
member-278,facial,2
member-278,kind,2
member-278,talk,2
member-279,genre_orthodox,1
member-279,genre_denpa,2
member-279,face_dog,2
member-279,healing,1
member-279,unique,1
member-279,energy,1
member-279,growth,1
member-279,facial,1
member-279,kind,2
member-279,talk,2
member-280,genre_alt,2
member-280,genre_loud,1
member-280,face_cat,2
member-280,elegant,1
member-280,mysterious,1
member-280,stability,1
member-280,energy,1
member-280,growth,1
member-280,kind,2
member-280,talk,2
member-281,genre_alt,2
member-281,genre_loud,1
member-281,face_cat,2
member-281,pure,1
member-281,healing,1
member-281,dance,2
member-281,expression,1
member-281,facial,2
member-281,kind,2
member-281,talk,2
member-282,genre_alt,2
member-282,genre_loud,1
member-282,face_rabbit,2
member-282,pure,1
member-282,healing,1
member-282,presence,1
member-282,facial,1
member-282,growth,1
member-282,kind,2
member-282,talk,2
member-283,genre_loud,3
member-283,face_fox,2
member-283,cool,2
member-283,mysterious,1
member-283,unique,2
member-283,expression,1
member-283,energy,1
member-283,kind,2
member-283,talk,2
member-284,genre_loud,3
member-284,face_cat,2
member-284,youthful,1
member-284,pure,1
member-284,energy,2
member-284,presence,1
member-284,facial,1
member-284,kind,2
member-284,talk,2
member-285,genre_loud,3
member-285,face_dog,2
member-285,pure,2
member-285,healing,1
member-285,facial,1
member-285,energy,1
member-285,expression,1
member-285,kind,2
member-285,talk,2
member-286,genre_denpa,3
member-286,face_fox,2
member-286,cute,1
member-286,healing,1
member-286,growth,1
member-286,facial,1
member-286,energy,1
member-286,kind,2
member-286,talk,2
member-287,genre_denpa,3
member-287,face_rabbit,2
member-287,pure,1
member-287,facial,2
member-287,energy,2
member-287,growth,1
member-287,presence,1
member-287,kind,2
member-287,talk,2
member-288,genre_denpa,3
member-288,face_squirrel,2
member-288,cute,1
member-288,youthful,2
member-288,idol_polished,1
member-288,energy,1
member-288,presence,1
member-288,kind,2
member-288,talk,2
member-289,genre_denpa,3
member-289,face_squirrel,2
member-289,youthful,2
member-289,mysterious,1
member-289,unique,1
member-289,growth,1
member-289,energy,1
member-289,kind,2
member-289,talk,2
member-290,genre_denpa,3
member-290,face_dog,2
member-290,healing,1
member-290,youthful,1
member-290,energy,2
member-290,facial,2
member-290,growth,1
member-290,kind,2
member-290,talk,2
member-291,genre_gothic,3
member-291,face_fox,2
member-291,cool,1
member-291,mysterious,2
member-291,unique,2
member-291,expression,2
member-291,energy,1
member-291,kind,2
member-291,talk,2
member-292,genre_gothic,3
member-292,face_fox,2
member-292,unique,2
member-292,mysterious,2
member-292,charisma,2
member-292,energy,2
member-292,expression,2
member-292,kind,2
member-292,talk,2
member-293,genre_denpa,2
member-293,genre_loud,1
member-293,face_dog,2
member-293,elegant,1
member-293,healing,1
member-293,expression,1
member-293,energy,1
member-293,facial,1
member-293,kind,2
member-293,talk,2
member-294,genre_denpa,2
member-294,genre_loud,1
member-294,face_cat,2
member-294,cute,2
member-294,idol_polished,2
member-294,facial,2
member-294,presence,2
member-294,energy,2
member-294,kind,2
member-294,talk,2
member-295,genre_orthodox,3
member-295,face_dog,2
member-295,pure,2
member-295,healing,3
member-295,expression,2
member-295,facial,3
member-295,energy,2
member-295,kind,2
member-295,talk,2
member-296,genre_orthodox,3
member-296,face_cat,2
member-296,elegant,2
member-296,pure,2
member-296,facial,2
member-296,expression,2
member-296,stability,2
member-296,kind,2
member-296,talk,2
member-297,genre_denpa,2
member-297,genre_orthodox,1
member-297,face_squirrel,2
member-297,cute,1
member-297,youthful,2
member-297,healing,2
member-297,energy,1
member-297,growth,2
member-297,kind,2
member-297,talk,2
member-298,genre_denpa,2
member-298,genre_orthodox,1
member-298,face_rabbit,2
member-298,pure,1
member-298,healing,2
member-298,cute,1
member-298,growth,2
member-298,facial,2
member-298,kind,2
member-298,talk,2
member-299,genre_denpa,2
member-299,genre_orthodox,1
member-299,face_fox,2
member-299,pure,1
member-299,elegant,2
member-299,vocal,1
member-299,presence,2
member-299,expression,1
member-299,kind,2
member-299,talk,2
member-300,genre_denpa,3
member-300,face_cat,2
member-300,cute,1
member-300,youthful,1
member-300,energy,2
member-300,dance,1
member-300,presence,2
member-300,kind,2
member-300,talk,2
member-301,genre_denpa,3
member-301,face_fox,2
member-301,cool,2
member-301,sexy,1
member-301,elegant,1
member-301,facial,2
member-301,dance,2
member-301,kind,2
member-301,talk,2
member-302,genre_denpa,3
member-302,face_cat,2
member-302,cute,1
member-302,youthful,1
member-302,dance,2
member-302,energy,2
member-302,expression,2
member-302,kind,2
member-302,talk,2
member-303,genre_denpa,3
member-303,face_dog,2
member-303,cool,1
member-303,mysterious,1
member-303,vocal,3
member-303,dance,2
member-303,stability,2
member-303,kind,2
member-303,talk,2
member-304,genre_denpa,3
member-304,face_chick,2
member-304,healing,2
member-304,youthful,1
member-304,facial,2
member-304,energy,2
member-304,stability,2
member-304,kind,2
member-304,talk,2
member-305,genre_denpa,3
member-305,face_fox,2
member-305,elegant,2
member-305,cool,1
member-305,dance,1
member-305,facial,2
member-305,presence,1
member-305,kind,2
member-305,talk,2
member-309,genre_loud,3
member-309,face_dog,2
member-309,cute,1
member-309,mysterious,2
member-309,unique,2
member-309,facial,1
member-309,expression,2
member-309,kind,2
member-309,talk,2
member-310,genre_loud,3
member-310,face_fox,2
member-310,cool,2
member-310,elegant,1
member-310,energy,2
member-310,facial,2
member-310,dance,1
member-310,kind,2
member-310,talk,2
member-311,genre_loud,3
member-311,face_fox,2
member-311,cool,1
member-311,mysterious,2
member-311,sexy,2
member-311,presence,2
member-311,expression,1
member-311,kind,2
member-311,talk,2
member-312,genre_denpa,2
member-312,genre_alt,1
member-312,face_dog,2
member-312,healing,2
member-312,pure,1
member-312,energy,2
member-312,vocal,2
member-312,facial,2
member-312,kind,2
member-312,talk,2
member-313,genre_orthodox,2
member-313,genre_denpa,1
member-313,face_fox,2
member-313,elegant,2
member-313,pure,2
member-313,idol_polished,2
member-313,energy,2
member-313,facial,2
member-313,kind,2
member-313,talk,2
member-314,genre_orthodox,2
member-314,genre_denpa,1
member-314,face_squirrel,2
member-314,cute,1
member-314,youthful,1
member-314,facial,2
member-314,dance,1
member-314,energy,2
member-314,kind,2
member-314,talk,2
member-315,genre_alt,3
member-315,face_dog,2
member-315,pure,2
member-315,healing,2
member-315,vocal,2
member-315,expression,2
member-315,growth,2
member-315,kind,2
member-315,talk,2
member-316,genre_alt,3
member-316,face_rabbit,2
member-316,pure,2
member-316,cute,2
member-316,idol_polished,2
member-316,presence,3
member-316,facial,2
member-316,kind,2
member-316,talk,2
member-317,genre_alt,3
member-317,face_cat,2
member-317,elegant,2
member-317,pure,1
member-317,facial,2
member-317,energy,1
member-317,presence,2
member-317,kind,2
member-317,talk,2
member-318,genre_loud,3
member-318,face_squirrel,2
member-318,healing,2
member-318,pure,1
member-318,facial,2
member-318,dance,1
member-318,energy,1
member-318,kind,2
member-318,talk,2
member-319,genre_gothic,3
member-319,face_cat,2
member-319,elegant,2
member-319,healing,1
member-319,dance,1
member-319,expression,2
member-319,facial,2
member-319,kind,2
member-319,talk,2
member-320,genre_loud,3
member-320,face_squirrel,2
member-320,cute,1
member-320,youthful,2
member-320,energy,2
member-320,facial,2
member-320,expression,2
member-320,kind,2
member-320,talk,2
member-321,genre_alt,3
member-321,face_rabbit,2
member-321,pure,2
member-321,elegant,2
member-321,expression,2
member-321,facial,2
member-321,presence,3
member-321,kind,2
member-321,talk,2
member-322,genre_loud,3
member-322,face_dog,2
member-322,unique,2
member-322,mysterious,1
member-322,expression,2
member-322,energy,2
member-322,charisma,2
member-322,kind,2
member-322,talk,2
member-323,genre_loud,3
member-323,face_fox,2
member-323,cool,2
member-323,mysterious,2
member-323,expression,2
member-323,energy,1
member-323,dance,2
member-323,kind,2
member-323,talk,2
member-324,genre_loud,3
member-324,face_dog,2
member-324,cool,1
member-324,unique,1
member-324,energy,2
member-324,expression,2
member-324,dance,2
member-324,kind,2
member-324,talk,2