id	name	nameKo	nameEn	groupId	xUrl	photoUrl	jpSupport
member-01	ハルナ	하루나	HARUNA	KOKOIYA	https://x.com/kokoiya_haruna	https://assets.st-note.com/img/1760014024-kNdoiFG94b0jKTnIwcp5qz2S.jpg?width=1200	some
member-02	まつ	마츠	MATSU	KOKOIYA	https://x.com/kokoiya_matsu	https://assets.st-note.com/img/1760014002-DrfHlORBhoGvV6cZbqkX2F9u.jpg?width=1200	no
member-03	ひな	히나	HINA	KOKOIYA	https://x.com/kokoiya_hina	https://assets.st-note.com/img/1760013558-WHvxhqltbpmPGwi7sJy9UNnO.jpg?width=1200	ok
member-04	みゃお	먀오	MYAO	KOKOIYA	https://x.com/kokoiya_myao	https://assets.st-note.com/img/1760013972-LN6tx8yb9fVXrWdKYgc0O2vB.jpg?width=1200	no
member-05	りこ	리코	RIKO	H7KD	https://x.com/H7KD_riko	https://assets.st-note.com/img/1761488789-ZLdkRMFUOV5u27hvHYxDBgq3.jpg?width=1200	ok
member-06	ミヤミ	미야미	MIYAMI	H7KD	https://x.com/H7KD_miyami	https://assets.st-note.com/img/1761488828-4SABNojElWDK5PFhCn3RTvzm.jpg?width=1200	ok
member-07	よる	요루	YORU	H7KD	https://x.com/H7KD_yoru	https://assets.st-note.com/img/1761488844-7yKXnhDF5WoJC3gGp2r9PAiS.jpg?width=1200	unknown
member-08	るび	루비	RUBY	H7KD	https://x.com/H7KD_ruby	https://assets.st-note.com/img/1761488862-ekNT3xwIU859X4Pv7o6QAWhY.jpg?width=1200	no
member-09	ゆん	윤	YUN	REIEI	https://x.com/YUNS4M4	https://assets.st-note.com/img/1761530595-P57NVQpG2HxLw6ktr49ufsCA.jpg?width=1200	ok
member-10	セン	센	SEN	REIEI	https://x.com/sensamadayo0	https://assets.st-note.com/img/1761530619-3wqoUlKipInBkc2MbYAuGNSC.jpg?width=1200	some
member-11	ヤン	얀	YAN	AISYU	https://x.com/AISYU_yan	https://assets.st-note.com/img/1761557440-ZzWSmecQPd9tIA7Ny8hs20nw.jpg?width=1200	unknown
member-12	イキ	이키	IKI	AISYU	https://x.com/AISYU_iki	https://assets.st-note.com/img/1761557462-3Vs9bRTYvg1E4qaGJNmHir0l.jpg?width=1200	unknown
member-13	クリム	크림	CREME	AISYU	https://x.com/AISYU_creme	https://assets.st-note.com/img/1761557479-yoF93hC4eWZz0mdUHgNtIrB8.jpg?width=1200	unknown
member-14	モモ	모모	MOMO	AISYU	https://x.com/AISYU_momo	https://assets.st-note.com/img/1761557497-XjWeMQdzignY73kFRuBtEIf9.jpg?width=1200	unknown
member-15	愛	아이	AI	AMORE	https://x.com/AiAi__LoveLove	https://assets.st-note.com/img/1761486634-GNM54Y6wL9fZzuRvqyic7S13.jpg?width=1200	unknown
member-16	モカ	모카	MOKA	AMORE	https://x.com/Moka_kawanari	https://assets.st-note.com/img/1761486672-aDjCLmlnFU4fB9ShZI7wAbTq.jpg?width=1200	unknown
member-17	エクレア	에쿠레아	EKUREA	AMORE	https://x.com/AU_ekurea	https://assets.st-note.com/img/1761486696-9jwYghWnkq30HCGO2N1ZMFif.jpg?width=1200	unknown
member-18	チュイ	츄이	CHUI	AMORE	https://x.com/chui_nim	https://assets.st-note.com/img/1761486917-RlNsvpaB8ZGdKcFY3Q0AgJOV.jpg?width=1200	unknown
member-19	サラ	사라	SARA	ANiMA	https://x.com/ANiMA_S4rA	https://assets.st-note.com/img/1761487010-AevXFSo5QG8zdk3KYB1VfMOq.jpg?width=1200	unknown
member-20	メイ	메이	MEI	ANiMA	https://x.com/ANiMA_MEI	https://assets.st-note.com/img/1761487034-YB5oIL6lO3ukWUN8mQHnJET1.jpg?width=1200	unknown
member-21	ルコ	루코	RUKO	ANiMA	https://x.com/ANiMA_RUKO	https://assets.st-note.com/img/1761487053-MXcFTN04Robq2BEDiWgsIl5P.jpg?width=1200	unknown
member-22	あみ	아미	AMI	ANiMA	https://x.com/ANiMA_AMl	https://assets.st-note.com/img/1761487072-d1zhw23uY0mytfHnArV4egJ9.jpg?width=1200	unknown
member-23	肉	니쿠	NIKU	A8Escape	https://x.com/A8E_NiKU	https://assets.st-note.com/img/1761487256-OpnK0U8253Mg9dfrbteWwvhB.jpg?width=1200	unknown
member-24	ユリ	유리	YURI	A8Escape	https://x.com/A8E_Yuri	https://assets.st-note.com/img/1761487276-E7uQIhryC9gvlXojmDSiGOdK.jpg?width=1200	unknown
member-25	キョウ	쿄우	KYOU	A8Escape	https://x.com/A8E_kyou	https://assets.st-note.com/img/1761487294-t2cs04TBoXyDuxj5QvkhpLCl.jpg?width=1200	unknown
member-26	みわ	미와	MIWA	A8Escape	https://x.com/A8E_MiWa	https://assets.st-note.com/img/1761487315-zeVpr5yoQvXmNq8c3xAP6Twn.jpg?width=1200	unknown
member-27	イナ	이나	INA	BETTER	https://x.com/tt_1na	https://assets.st-note.com/img/1761487369-ga592qCSdNYD3otekAPyOsHF.jpg?width=1200	unknown
member-28	soda	소다	SODA	BETTER	https://x.com/tt_5ODA	https://assets.st-note.com/img/1761487392-eWFSCUuPQj25KONETd47t0Ml.jpg?width=1200	unknown
member-29	ツムギ	츠무기	TSUMUGI	BETTER	https://x.com/tt_tsumu6i	https://assets.st-note.com/img/1761487409-bdnLUuoxQeY68m3lSMBJR2Vv.jpg?width=1200	unknown
member-30	M0NE(ミワン)	마왕	M0NE	CLITZ	https://x.com/TRVUM3R3i	https://assets.st-note.com/img/1761487480-iuCJ0XjxPlAZOKdVLMsRqgvD.jpg?width=1200	unknown
member-31	カナヲ	카나오	KANAO	CLITZ	https://x.com/CLiTZ_KANAO	https://assets.st-note.com/img/1761487499-KYETbmpZFXnN2oAL9Q8fkh03.jpg?width=1200	unknown
member-32	ゆきな	유키나	YUKINA	CYBERNETICS	https://x.com/Cynetic_Yukina	https://assets.st-note.com/img/1761487547-fuH2QlvJDs64gRnEcM5qy1NX.jpg?width=1200	unknown
member-33	セイヤ	세이야	SEIYA	CYBERNETICS	https://x.com/Cynetic_seiya	https://assets.st-note.com/img/1761487567-ZJXpFB8vV2eYCxHtmPA4RW5w.jpg?width=1200	unknown
member-34	ロジ	로지	ROSI	CYBERNETICS	https://x.com/Cynetic_Rosi	https://assets.st-note.com/img/1761487584-TOEpbPH0N5x1Qgc7M8DAkRZe.jpg?width=1200	unknown
member-35	イチ	이치	ICHI	CYBERNETICS	https://x.com/Cynetic_ICHI	https://assets.st-note.com/img/1761487600-VNQxFmtMjSDlXaHy69qRUZ7G.jpg?width=1200	unknown
member-36	はに	하니	HANI	EITSUKU	https://x.com/EITSUKU_HANI	https://assets.st-note.com/img/1761487842-bxKvG5pVIXy2qrH07dNks1BW.jpg?width=1200	unknown
member-37	ちょ	쵸	CHYO	EITSUKU	https://x.com/EITSUKU_CHYO	https://assets.st-note.com/img/1761487870-GgPWkF9de3tIC0EUKAMqaD5V.jpg?width=1200	unknown
member-38	ちび	치비	CHIBI	EITSUKU	https://x.com/EITSUKU_CHIBI	https://assets.st-note.com/img/1761487888-fWKxezVAU2BOLmjIaYNXZJb0.jpg?width=1200	unknown
member-43	える	에루	ERU	HINONAKA	https://x.com/HNK_Eru	https://assets.st-note.com/img/1761488507-LakE4Te2CODKs8wg0ASlHFXV.jpg?width=1200	unknown
member-44	あや	아야	AYA	HINONAKA	https://x.com/HNK_Ayaa	https://assets.st-note.com/img/1761488527-SDaxFYMGTyPc1C3fjrWhqZe2.jpg?width=1200	unknown
member-45	なお	나오	NAO	HURUCHU	https://x.com/HURUCHU_NAO	https://assets.st-note.com/img/1761488715-mirHf1h23FJgseoxCzI8WdqX.jpg?width=1200	ok
member-46	はつ	하츠	HEARTS	HURUCHU	https://x.com/HURUCHU_HEARTS	https://assets.st-note.com/img/1761488732-58KBkOIFtxvCJTupga916z0f.jpg?width=1200	no
member-47	えすい	에스이	S2	JIBAKU	https://x.com/JIBAKU_S2	https://assets.st-note.com/img/1761489007-wVHa4GpABPD0QhIbXZyMLrJi.jpg?width=1200	unknown
member-48	ねお	네오	NE0	JIBAKU	https://x.com/JIBAKU_NE0	https://assets.st-note.com/img/1761489025-5VhJuKEjSI6Dg0BsGPid13R9.jpg?width=1200	unknown
member-49	チズ	치즈	CHEE2E	JIBAKU	https://x.com/JIBAKU_CHEE2E	https://assets.st-note.com/img/1761489051-8esVBzOcdi32KEL1pjruyRIo.jpg?width=1200	unknown
member-50	ピか	피카	P1KA	JIBAKU	https://x.com/JIBAKU_P1KA	https://assets.st-note.com/img/1761489071-Uyo5P1lbRiMVuwECZhQFqWrJ.jpg?width=1200	unknown
member-51	つる	츠루	TSURU	KAGERERU	https://x.com/KageReru_tsuru	https://assets.st-note.com/img/1761489125-b9vK1QzIFLSUEPA50x2486wO.jpg?width=1200	no
member-52	空	소라	SORA	KAGERERU	https://x.com/KageReru_sora	https://assets.st-note.com/img/1761489146-IJUKX9n5EkdSZYCOalsLWNTo.jpg?width=1200	unknown
member-53	イヴ	이브	EVVE	KAGERERU	https://x.com/KageReru_evve	https://assets.st-note.com/img/1761489176-7CscEQ8y3F45hJXITAzaY2tk.jpg	unknown
member-54	ミニ	미니	MINI	KAGERERU	https://x.com/KageReru_mini	https://assets.st-note.com/img/1761489190-yhfD5KjLAS01eT8Hvmpi7xaR.jpg?width=1200	no
member-55	ピピ	삐삐	PPIPPI	KAGERERU	https://x.com/KageReru_ppippi	https://assets.st-note.com/img/1761489207-L6JK5UFbaCmgOPxz7iEWhlkY.jpg?width=1200	unknown
member-56	ポヨ	포요	PPOYO	LuciDreaM	https://x.com/LuciDreaM_PPOYO	https://assets.st-note.com/img/1761489655-5TSyju2Jk4a1rPCgI6oGtlme.jpg?width=1200	unknown
member-57	ゆな	유나	YUNA	LuciDreaM	https://x.com/LuciDreaM_YUNA	https://assets.st-note.com/img/1761489672-ovATw7gxJ6ifZkIaGzpXchLr.jpg?width=1200	unknown
member-58	リア	리아	RIA	LuciDreaM	https://x.com/LuciDreaM_RIA	https://assets.st-note.com/img/1761489694-n1fJUYa42ksG8dSyQL50NHC6.jpg?width=1200	unknown
member-59	DIA	다이아	DIA	MEMORIA	https://x.com/Dia_Memoria	https://assets.st-note.com/img/1761496412-BKuijJkneQXhdEtRcGqMbIvP.jpg?width=1200	unknown
member-60	Rose	로즈	Rose	MEMORIA	https://x.com/Rose_memoria	https://assets.st-note.com/img/1761496434-h09jCuAUGDKBT4igPNMqvrxy.jpg?width=1200	unknown
member-61	LEMON	레몬	LEMON	MEMORIA	https://x.com/lemon_memoria	https://assets.st-note.com/img/1761496455-0WBS4OxIgdnALova82jHuVzm.jpg?width=1200	unknown
member-62	ナビ	나비	NAB2	Mewro	https://x.com/Mewro_NAB2	https://assets.st-note.com/img/1761496699-G2WTujzIOhiCglH7eUx6PDJa.jpg?width=1200	no
member-63	ロハ	로하	R0HA	Mewro	https://x.com/Mewro_R0HA	https://assets.st-note.com/img/1761496720-Mn3PxzNquodwW9ZCrmUlDKsT.jpg?width=1200	unknown
member-64	ヒア	히아	H1AH	Mewro	https://x.com/Mewro_H1AH	https://assets.st-note.com/img/1761496736-Z38fGU4JH0mirOxMhFWza2CT.jpg?width=1200	unknown
member-65	ゆい	유이	YUI	monQ	https://x.com/yuiyui_monQ	https://assets.st-note.com/img/1761496970-P2swJe0ANYfRVrlhUqvOHbMK.jpg?width=1200	ok
member-66	リオン	리온	R1:on	monQ	https://x.com/rion_monQ	https://assets.st-note.com/img/1761496991-GaCqxeYlRPZBKN4H61nctiJT.jpg?width=1200	unknown
member-67	ピュア	퓨어	PURE	monQ	https://x.com/pure_monQ	https://assets.st-note.com/img/1761497008-erdKATZPbR02QNFGgsVBjf9Y.jpg?width=1200	unknown
member-68	うさ	우사	USA	monQ	https://x.com/usa_monQ	https://assets.st-note.com/img/1761497023-7A5LnWKaJ08u1vYHIGCcsbyO.jpg?width=1200	some
member-69	きゅう	KYU	큐우	monQ	https://x.com/9_monQ	https://assets.st-note.com/img/1761497042-VpR8o2wrmbh6SfackC9iKZYQ.jpg?width=1200	unknown
member-70	ソハ	소하	SOHA	NEKIRU	https://x.com/Nekiru_SOHA	https://assets.st-note.com/img/1761497496-2S7HiVhOQuRXaGCPFWkNnErb.jpg?width=1200	unknown
member-71	ユズ	유즈	YUZU	NEKIRU	https://x.com/Nekiru_YUZU_	https://assets.st-note.com/img/1761497516-OMWBhGeQYjawVmLv1TpSsg28.jpg?width=1200	unknown
member-72	ライ	라이	RAI	NEKIRU	https://x.com/Nekiru_RAI	https://assets.st-note.com/img/1761497532-62Ll9vQGtgB7iOUCyXqDnmcY.jpg?width=1200	unknown
member-73	ゼロ	제로	Zer0	NOLIMIT	https://x.com/NoLimit_Zer0	https://assets.st-note.com/img/1761497863-H0TVf4qwuox6ekEDM9aYn3m2.jpg?width=1200	no
member-74	ユリコ	유리코	YURIKO	NOLIMIT	https://x.com/NoLimit_YRK	https://assets.st-note.com/img/1761497886-uXTsVE9o6SIpCcjYg24PHBk5.jpg?width=1200	ok
member-75	ルカ	루카	7uka	NOLIMIT	https://x.com/NoLimit_7uka	https://assets.st-note.com/img/1761497905-5GOXzPTNVkCliDfqwd2m1JB0.jpg?width=1200	unknown
member-76	ベニ	베니	VENI	NOLIMIT	https://x.com/NoLimit_Veni	https://assets.st-note.com/img/1768850588-Ld3XfZ0oCNaFgwiKkjB4thAu.jpg?width=1200	unknown
member-77	みこ	미코	MIKO	ORIKA	https://x.com/Orika_miko	https://assets.st-note.com/img/1761498208-hVlGpNAO0tDgZE6CWvfJcoSb.jpg?width=1200	no
member-78	ゆつき	유츠키	UTSUKI	ORIKA	https://x.com/Orika_utsuki	https://assets.st-note.com/img/1761498229-c4YvQP2WyzfT7sS0KDJCIi1A.jpg?width=1200	unknown
member-79	あやか	아야카	AYAKA	ORIKA	https://x.com/Orika_ayaa	https://assets.st-note.com/img/1761498246-1syCIpvlKoeSU80Vt396uwTA.jpg?width=1200	no
member-80	ことり	코토리	KOTORI	RESTART	https://x.com/RESTARt_KOTORI	https://assets.st-note.com/img/1761498816-d9WhSD8ul2cJk4igQCLPN67m.jpg?width=1200	unknown
member-81	ミオン	미온	M1ON	RESTART	https://x.com/RESTARt_M1ON	https://assets.st-note.com/img/1761498840-OLJA1T3KC9gSnMo4hrWP6FVu.jpg?width=1200	unknown
member-82	リユ	리유	RIYU	RESTART	https://x.com/RESTARt_RIYU	https://assets.st-note.com/img/1761498862-maexhHvnd8TjSWABKZ5y49FQ.jpg?width=1200	unknown
member-83	ルビ	루비	RUBY	SOLANIN	https://x.com/solanin_ruby	https://assets.st-note.com/img/1761500157-XrCxzSn0UD6M4ot5FEapByT9.jpg?width=1200	ok
member-84	ツバサ	츠바사	TSUBASA	SOLANIN	https://x.com/solanin_tsub2s2	https://assets.st-note.com/img/1761500192-Nj3Pp5UuIKHLSbzqOAareM7v.jpg?width=1200	some
member-85	ミレ	미래	MIRAE	SOAROVER	https://x.com/SoarOver_Mirae	https://assets.st-note.com/img/1761500247-5xpEPWvXKj21qUThGyBSrdgQ.jpg?width=1200	ok
member-86	リン	린	Lin	SOAROVER	https://x.com/SoarOver_Lin	https://assets.st-note.com/img/1761500269-DXuG03vyFemPK47oLAdQpYWh.jpg?width=1200	unknown
member-87	ノア	노아	Noa	SOAROVER	https://x.com/SoarOver_Noa	https://assets.st-note.com/img/1761500291-jFcsC5PHuNOgldnyXfWDwRI0.jpg?width=1200	ok
member-88	ユアン	유안	uAn	SOAROVER	https://x.com/SoarOver_uAn	https://assets.st-note.com/img/1761500311-fhE30Vud7gqJlLrX6cPFjIxD.jpg?width=1200	unknown
member-89	レエマイ	레에마이	REMA	UGOPOUPEE	https://x.com/UgoPoupee_My	https://assets.st-note.com/img/1761500855-jw943RkTmVnUGCMb0Di5rXFE.jpg?width=1200	unknown
member-90	まいな	마이나	MAINA	UGOPOUPEE	https://x.com/UgoPoupee_maina	https://assets.st-note.com/img/1768899120-Ucz9lDK1oAjt7X0TqeVyOCLw.jpg?width=1200	unknown
member-91	シュン	슌	SHUN	UGOPOUPEE	https://x.com/UgoPoupee_shun	https://assets.st-note.com/img/1768899138-hiCu7qH0bwt3Qk46MEY5UvLG.jpg?width=1200	unknown
member-92	NANA	나나	NANA	UGOPOUPEE	https://x.com/UgoPoupee_nana	https://assets.st-note.com/img/1768899154-uAOqh1xlgnztEeU4akT82Pp5.jpg?width=1200	unknown
member-93	EN	엔	EN	UGOPOUPEE	https://x.com/ENIMUNIDA	https://assets.st-note.com/img/1768899169-m6E1h5R2NpSvHJtlzxaZ0jOg.jpg?width=1200	unknown
member-94	セリ	세리	SERI	WISHLIZ	https://x.com/Seri_WishLiZ	https://assets.st-note.com/img/1761501003-06Rb2vZLDe8wnFtQluNYJ5c4.jpg	unknown
member-95	チョア	초아	CHOA	WISHLIZ	https://x.com/choA_WishLiZ	https://assets.st-note.com/img/1761501025-hwoTSzueB7N284JCOMZgav1U.jpg	unknown
member-96	ヒロ	히로	HIRO	WISHLIZ	https://x.com/HIRO_WishLiZ	https://assets.st-note.com/img/1768907236-qanHM8f6BFT3AYrCh9VkjcOb.jpg	unknown
member-97	ゆき	유키	YUKI	YOZOPURE	https://x.com/YZPR_YUKI	https://assets.st-note.com/img/1761501073-uJZrT2sLHOaGP1KphU0cfk7i.jpg?width=1200	unknown
member-98	ハレ	하레	HARE	YOZOPURE	https://x.com/YZPR_HARE	https://assets.st-note.com/img/1761501094-9lmSrWP5fQI2ZghukxK41DGc.jpg?width=1200	unknown
member-99	エバー	에버	EVER	YOZOPURE	https://x.com/YZPR_EVER	https://assets.st-note.com/img/1761501115-Ded83BX2VskWJrHCpRvLnmGo.jpg?width=1200	unknown
member-100	かな	카나	KANA	YUMEKI	https://x.com/YUMEKi_K4NA	https://assets.st-note.com/img/1761529261-KGExyzXsRALFNPVOid6jS42U.jpg?width=1200	unknown
member-101	きりえ	키리에	KIRIE	YUMEKI	https://x.com/YUMEKi_KIRIE	https://assets.st-note.com/img/1761529288-LuHBjT1m9iaChfPJDOYl5NFk.jpg?width=1200	unknown
member-102	さこ	사코	SAKO	YUMEKI	https://x.com/YUMEKi_SAKO	https://assets.st-note.com/img/1761529307-Txu3LNHwlmW72C1iOcUVGBzM.jpg?width=1200	unknown
member-103	みお	미오	MIO	YUMEKI	https://x.com/YUMEKi_MIO	https://assets.st-note.com/img/1761529325-9HLMD8ZtJ5jvU46Cnu0ORTaz.jpg?width=1200	unknown
member-104	くの	쿠노	KUNO	SHINENNOYUME	https://x.com/kuno_tenshi	https://assets.st-note.com/img/1761530413-sFLKI4wNBqfvrel96R8EzAyV.jpg?width=1200	ok
member-105	ラク	라쿠	RAKU	ZZZ	https://x.com/raku_eskoip	https://assets.st-note.com/img/1761530465-3r0Z4qPO8kjTFVBR5dSMHn2I.jpg?width=1200	unknown
member-106	トモリ	토모리	TOMORI	ZZZ	https://x.com/TOMORI__zzZ	https://assets.st-note.com/img/1761530485-R0IkDK6ZgQbrl5Fa2GwoOTxU.jpg?width=1200	some
member-107	コル	코루	KORU	ZZZ	https://x.com/KORU__zzZ	https://assets.st-note.com/img/1761530502-X73hGAxfTOVvkoQRKpr1tU2H.jpg?width=1200	no
member-108	ワール	와루	WARRIOR	ZZZ	https://x.com/were_warrior	https://assets.st-note.com/img/1761530519-lKWJr7u2XV1R4zULOcI9xeSn.jpg?width=1200	unknown
member-109	アリサ	아리사	ARISA	ZZZ	https://x.com/ARISA__zzZ	https://assets.st-note.com/img/1761530537-DOVLFet9PIz7whZx0MKy3uon.jpg?width=1200	unknown
member-110	ぱるあ	파루아	PARUA	MSYH	https://x.com/MSYH_MURASAKI	https://assets.st-note.com/img/1761530688-MwOW9vdibc24zRH6NPSZjlmC.jpg?width=1200	unknown
member-111	タナ	타나	TANA	MSYH	https://x.com/MSYH_BLOOD	https://assets.st-note.com/img/1761530707-uC7hQBGlrW8mZ9H5wPnAvgxK.jpg?width=1200	unknown
member-112	どい	도희	Dohee	MSYH	https://x.com/MSYH_PINK	https://assets.st-note.com/img/1761530732-e4J9VEcaOCwmnu0USHyYzBTL.jpg?width=1200	unknown
member-113	こい	코이	KOI	MSYH	https://x.com/MSYH_NEON_GREEN	https://assets.st-note.com/img/1761530748-o3u0rkhdENJvbcsBlmnK6GXA.jpg?width=1200	unknown
member-114	はにゃ	한야	Hanya	MSYH	https://x.com/MSYH_SKYBLUE	https://assets.st-note.com/img/1761530767-DZ1dbL4RxfJ3qEy9elz2KrCQ.jpg?width=1200	ok
member-115	アム	아무	AMU	KISEO	https://x.com/KISEO_AMU/media	https://assets.st-note.com/img/1769072171-wiEMga1soRN254yTvUXADYhO.jpg?width=1200	ok
member-116	ネギ	네기	NEGI	KISEO	https://x.com/KISEO_NEGI	https://assets.st-note.com/img/1769072227-NmW71P0SEiwOq5zkoXZjTUAR.jpg?width=1200	ok
member-117	ZERO	제로	ZERO	KISEO	https://x.com/KISEO_ZERO	https://assets.st-note.com/img/1769072242-fWGbn7cXNzZs1ygHjAvmtweq.jpg?width=1200	unknown
member-118	ナラ	나라	NARA	KISEO	https://x.com/KISEO_NARA	https://assets.st-note.com/img/1769072254-WQHsNyJiwqEFkbZCv8gBUpx6.jpg?width=1200	unknown
member-119	たろ	타로	TARO	ANTAGONIST	https://x.com/ATGN_taro	https://assets.st-note.com/img/1761487133-in4CO6qQ05kHUNdB21pgX739.jpg?width=1200	unknown
member-120	しずく	시즈쿠	SHIZUKU	ANTAGONIST	https://x.com/ATGN_shizuku	https://assets.st-note.com/img/1761487156-A4D7zXvy3jWmKPcqQgukibrM.jpg?width=1200	unknown
member-121	リンドー	린도	RINDO	ANTAGONIST	https://x.com/ATGN_rindo	https://assets.st-note.com/img/1761487173-6Iwfnv8huyZd0XYEiNCMxr2m.jpg?width=1200	unknown
member-122	まる	마루	MARU	ANTAGONIST	https://x.com/ATGN_maru	https://assets.st-note.com/img/1761487194-3blmIRQj5g8sv0yoYtpdHh2T.jpg?width=1200	unknown
member-123	エオ	애오	AEO	DAKARA	https://x.com/DaKaRa_aeo	https://assets.st-note.com/img/1761487652-Sn8duJb1iP7rt3yUVqozpZO4.jpg?width=1200	unknown
member-124	シュクメイ	슈크메이	SUKMEI	DAKARA	https://x.com/DakaRa_Sukmei	https://assets.st-note.com/img/1761487679-tjDBVLWq93GTNQnyzIvxoZkK.jpg?width=1200	unknown
member-125	モナゲ	모나게	MONAGE	DAKARA	https://x.com/DaKaRa_monage8	https://assets.st-note.com/img/1761487699-8LKOZTkwl9vXtB2gpPoczM0N.jpg?width=1200	unknown
member-126	ピィー	피이	P	ETORI	https://x.com/ETORI_P	https://assets.st-note.com/img/1769989704-rnqpkso195GAZEVxJtmT4zHN.jpg?width=1200	unknown
member-127	ミケ	미케	MIKE	ETORI	https://x.com/ETORI_MIKE	https://assets.st-note.com/img/1769989843-pxMvgQ5RL0lGH23ED8dwTO6c.jpg?width=1200	unknown
member-128	まゆ	마유	MAYU	ETORI	https://x.com/ETORI_Mayu	https://assets.st-note.com/img/1769989897-4pMBwjavy0iOlcT8mEZAVsWR.jpg?width=1200	unknown
member-129	ゼノ	제노	ZENO	ETORI	https://x.com/ETORI_ZENO	https://assets.st-note.com/img/1769989943-0bErzVmQLv4S8s6eog5Ih2MN.jpg?width=1200	unknown
member-130	よみ	요미	YOMI	ETORI	https://x.com/ETORI_Yomi	https://assets.st-note.com/img/1769990058-XYjHb7PwqLk2ynTfrcZBN48a.jpg?width=2000&height=2000&fit=bounds&quality=85	unknown
member-131	レイナ	레이나	REINA	HRMK	https://x.com/HRMK_REINA	https://assets.st-note.com/img/1761488585-zjW5CrEFu1Z739GcVXhv0Ooi.jpg?width=1200	unknown
member-132	ケキ	케키	KEKI	HRMK	https://x.com/HRMK_KEKI	https://assets.st-note.com/img/1761488603-HYDyOrbKcLstGvhP5S0ABuUE.jpg?width=1200	unknown
member-133	ミキ	미키	MIKI	HRMK	https://x.com/HRMK_MIKI	https://assets.st-note.com/img/1761488620-wH7CAZ5mKPGn1foJbcdSeLVz.jpg?width=1200	unknown
member-134	あめ	아메	AME	MIRUHA	https://x.com/miruha_ame	https://assets.st-note.com/img/1761496787-lrIuQ3HCdU0EgRB1fzSwXoKA.jpg?width=1200	unknown
member-135	セビョル	샛별	Saetbyul	MIRUHA	https://x.com/miruha_star	https://assets.st-note.com/img/1761496833-Pu2X8flzbCMEhK9m6VxivJcQ.jpg?width=1200	unknown
member-136	つばき	츠바키	TSUBAKI	MIRUHA	https://x.com/miruha_tsubaki	https://assets.st-note.com/img/1761496850-yxgIlm8pN9sR5BToMuiQ0hAc.jpg?width=1200	unknown
member-137	Nero	네로	Nero	NERO	https://x.com/neroOnya	https://assets.st-note.com/img/1761497623-H8qUK4PplkQbcxvNI1nzJGhE.jpg?width=1200	unknown
member-138	ルネ	르네	RENÉE	NIGHTS	https://x.com/AITHER_Renee	https://assets.st-note.com/img/1761497688-5ZXf8Cr2TwGJjI0MqWYkQlds.jpg?width=1200	unknown
member-139	ゆな	유나	YUNA	NIGHTS	https://x.com/LuciDreaM_YUNA	https://assets.st-note.com/img/1761497710-1NsLc32gQGmDeo7MREZXxvjd.jpg?width=1200	unknown
member-140	MENA	메나	MENA	NOEXIT	https://x.com/MEnamong_	https://assets.st-note.com/img/1761497764-oaLHDNzUsZxhXmgud3OtKr0j.jpg?width=1200	unknown
member-141	UME	우메	UME	NOEXIT	https://x.com/UMEisnotplum	https://assets.st-note.com/img/1761497784-xYfdvKwPaE9BUuoz2lGDqhtJ.jpg?width=1200	unknown
member-142	EN	엔	EN	NOEXIT	https://x.com/ENIMUNIDA	https://assets.st-note.com/img/1761497801-icDax7V6kh1rjKZRgPJlGLoY.jpg?width=1200	unknown
member-143	ひね	히네	HINE	OCHABAKU	https://x.com/OCHABAKU_HiNE	https://assets.st-note.com/img/1761498001-6Ps5DunY8icrIW7fSV4kETpm.jpg?width=1200	unknown
member-144	モコ	모코	MOKO	OCHABAKU	https://x.com/OCHABAKU_MOKO	https://assets.st-note.com/img/1761498022-PvyGiSZLV6YruxRzUfM5QjH1.jpg?width=1200	unknown
member-145	ぱる	파루	PARU	OCHABAKU	https://x.com/OCHABAKU_PARU	https://assets.st-note.com/img/1761498055-H2gWTrS0ixG4joVqQODm9bsN.jpg?width=1200	unknown
member-146	むい	무이	MUI	ONIKENBAI	https://x.com/mui_onikenbai	https://assets.st-note.com/img/1761498111-RcJYH7NAbVGuEe1KS0ygkwQo.jpg?width=1200	unknown
member-147	つだ	츠다	TSUDA	ONIKENBAI	https://x.com/tsuda_onikenbai	https://assets.st-note.com/img/1761498130-H3GXnvD7mCFgIMW8bwe4dBco.jpg	unknown
member-148	くぶ	쿠부	KUBU	ONIKENBAI	https://x.com/kubu_onikenbai	https://assets.st-note.com/img/1761498155-tQMFqg0VkX9HnbZTvcU5OpfI.jpg?width=1200	unknown
member-149	イロタワ	이로타와	IROTAWA	PANDOAKU	https://x.com/irotawa	https://assets.st-note.com/img/1761498332-fOtsXoYZ1CJkFnyWu8r5vTNa.jpg?width=1200	unknown
member-150	アイン•ツバイ	아인 츠바이	Ein	PANDOAKU	https://x.com/WORLDisEin	https://assets.st-note.com/img/1761498354-D1Guirz5yZN20ObjVXCg8Ehe.jpg?width=1200	unknown
member-151	キリカ	키리카	KIRIKA	PANDOAKU	https://x.com/kir1ka__	https://assets.st-note.com/img/1761498373-xyoNZ1UMQAlX0hP2BgrnqJbu.jpg?width=1200	unknown
member-152	マカ	마카	MAKA	PANDOAKU	https://x.com/maka_sou1_	https://assets.st-note.com/img/1761498390-9RAeYJ5oTKd6vkB8CayibOrq.jpg?width=1200	unknown
member-153	ましろ‎ちゃま	마시로	MASHIRO	POCHIPURI	https://x.com/PPPURI_mashi	https://assets.st-note.com/img/1761498461-VMGDIB2h1iUpmjorWXx5v6ay.jpg?width=1200	unknown
member-154	あき	아키	AKI	POCHIPURI	https://x.com/PPPURI_aki	https://assets.st-note.com/img/1761498513-6TvEmGVBPbzyJnpA9ZYU8xkQ.jpg?width=1200	unknown
member-155	あゆ	아유	AYU	POCHIPURI	https://x.com/PPPURI_ayu	https://assets.st-note.com/img/1770073779-FM8mrCd2hXZixgQaKV1TfPto.jpg?width=1200	unknown
member-156	やみい	야미이	YAMII	POCHIPURI	https://x.com/PPPURI_yamii	https://assets.st-note.com/img/1770073790-utXgas6fB13ClPAUHIxVzNh9.jpg?width=1200	unknown
member-157	ショウ	쇼우	SHOW	SAKURANPO	https://x.com/show_k_kk	https://assets.st-note.com/img/1761499096-UlJgLNhxTaZEQ9InevMoA10i.jpg?width=1200	unknown
member-158	セイ	세이	SEI	TOSTAGE	https://x.com/toStage_SeE	https://assets.st-note.com/img/1761500617-1vkFTIAWjcfaXwnuqheimK29.jpg?width=1200	unknown
member-159	ロア	로아	ROA	TOSTAGE	https://x.com/toStage_ROA	https://assets.st-note.com/img/1761500641-ZviRBTC24kEo95ntWaSx70mU.jpg?width=1200	unknown
member-160	アン	안	ANN	TOSTAGE	https://x.com/toStage_Ann	https://assets.st-note.com/img/1761500659-76CtGRuF9eiTdgbJmrSwpBqk.jpg?width=1200	unknown
member-161	ダル	달	DAL	UFOI	https://x.com/UFOi_DAL	https://assets.st-note.com/img/1761500741-V4ZhPpOlWNkq2GajFExizwvJ.jpg?width=1200	unknown
member-162	瞳	히토미	HITOMI	1064	https://x.com/1064_Hitomi	https://assets.st-note.com/img/1761529442-Fan3vBxPrThs2lUwqo9SXKtR.jpg?width=1200	unknown
member-163	ゼリー	제리	Jelly	1064	https://x.com/1064_Jelly	https://assets.st-note.com/img/1761529462-vxFk14QCtUo0L7ai3pETzqVu.jpg?width=1200	unknown
member-164	チイ	치이	CHII	17HZ	https://x.com/chii_17Hz	https://assets.st-note.com/img/1761529521-cb8ZEFJHjSAVmTw2ukQDW5Nn.jpg?width=1200	unknown
member-165	アカ	아카	AKA	17HZ	https://x.com/Aka_17Hz	https://assets.st-note.com/img/1761529541-uXWGCwzp28VKy3ibIlchgx4S.jpg?width=1200	unknown
member-166	シノン	시논	SHINON	17HZ	https://x.com/shinon_17Hz	https://assets.st-note.com/img/1761529559-mcvar2pMRBjoHXZTKdhAtOYE.jpg?width=1200	unknown
member-167	シソ	시소	SISO	ISIBIPRO	https://x.com/2i20_is2bi	https://assets.st-note.com/img/1761529620-HGxbPFIsDgCSt0mN2WYoLXRe.jpg?width=1200	unknown
member-168	イヨ	이요	YIYO	ISIBIPRO	https://x.com/chanyiyo_is2bi	https://assets.st-note.com/img/1761529647-RT4ePsBtkNy8rSV56onv1mIi.jpg?width=1200	unknown
member-169	かんな	칸나	KANNA	MIDSYN	https://x.com/Kanna_Midsyn	https://assets.st-note.com/img/1770167475-mejEIC3ObN6wLUvPuoGdXMgY.jpg?width=1200	unknown
member-170	キロ	키로	KIRO	MIDSYN	https://x.com/Kiro_Midsyn	https://assets.st-note.com/img/1770167483-OUX78srVD52IYAEp4vl39bok.jpg?width=1200	unknown
member-171	あず	아즈	AZU	MIDSYN	https://x.com/Azu_Midsyn	https://assets.st-note.com/img/1770167488-zd8fQV2YpXC1ot9I7kN0Bvhm.jpg?width=1200	unknown
member-172	すいか	스이카	SUIKA	MIDSYN	https://x.com/Suika_Midsyn	https://assets.st-note.com/img/1770167494-k6FjRaig0QpXUJ4WV1eEuT3r.jpg?width=1200	unknown
member-173	カナト	카나토	KANATO	MIDSYN	https://x.com/Kanato_Midsyn	https://assets.st-note.com/img/1770167498-YEAsJoIaf01iOxd2wLzF7hH6.jpg?width=1200	unknown
member-174	まこ	마코	MAKO	NEK1PR4DE	https://x.com/PR4DE_mako	https://assets.st-note.com/img/1770182121-Jaw7qTj3meHWOkzK4XuyxZcB.jpg?width=1200	unknown
member-175	ちゅや	츄야	CHUYA	NEK1PR4DE	https://x.com/PR4DE_chuya	https://assets.st-note.com/img/1770182128-G8jOlTDKJx067QCodEiHfebL.jpg?width=1200	unknown
member-176	さく	사쿠	SAKU	NEK1PR4DE	https://x.com/PR4DE_saku	https://assets.st-note.com/img/1770182134-ha8ouS0TtnwjLdc4fR5ZQmib.jpg?width=1200	unknown
member-177	ユノ	유노	YUNO	HOKAIBO	https://x.com/HOKAIBO_yuno	https://assets.st-note.com/img/1770219027-LIzYZahVgAiPt3D9BFbmvQHl.jpg	unknown
member-178	セツ	세츠	SETS	HOKAIBO	https://x.com/HOKAIBO_sets	https://assets.st-note.com/img/1770219021-BuvXDW2sTOnY5Ue4x9arHQwz.jpg	unknown
member-179	シム	시무	SIMU	HOKAIBO	https://x.com/HOKAIBO_simu	https://assets.st-note.com/img/1770219015-EewzOXmnlIHpPvf7MxKBb3jA.jpg	unknown
member-180	つぐ	츠구	TSUGU	HOKAIBO	https://x.com/HOKAIBO_tsugu	https://assets.st-note.com/img/1770219007-IuDFOUcW2t7aH6G4kNdf3rLm.jpg	unknown
member-181	ハル	하루	HARU	SE2RO	https://x.com/1dayour	https://assets.st-note.com/img/1770226696-YIbMVUR6GEBZCoH7wXq8NmT3.jpg	unknown
member-182	なこ	나코	NAKO	MOKANAKO	https://x.com/nakk0nyan	https://assets.st-note.com/img/1770226705-m3QwGBZcb0Kdf51v6I7TNOjH.jpg	unknown
member-183	スミ	스미	SUMI	MHNR	https://x.com/MHNR_sumi	https://assets.st-note.com/img/1770262352-Jj90NqbLp8P6YgiXTGOlBRo5.jpg?width=1200	unknown
member-184	セル	세루	SERU	MHNR	https://x.com/MHNR_seru	https://assets.st-note.com/img/1770262358-BPOZlr0ztTwuQfWIespUcJjm.jpg?width=1200	unknown
member-185	チネ	치네	TYNE	MHNR	https://x.com/MHNR_tyne	https://assets.st-note.com/img/1770262363-gPY3jZo0QzUdW54Hf1pVGRv9.jpg?width=1200	unknown
member-186	ムム	무무	MUMU	MHNR	https://x.com/MHNR_mumu	https://assets.st-note.com/img/1770262367-8v4sQMClztoTjxHLJnbgmFNa.jpg?width=1200	unknown
member-187	あつ	아츠	AHTSU	CHUKIDOLL	https://x.com/ahtsu_oibasa	https://assets.st-note.com/img/1770326496-Aj1CgkMfhlvi6OS8GJaopdE3.jpg	unknown
member-188	ヒユ	히유	HeeU	DX	https://x.com/D_X_HeeU	https://assets.st-note.com/img/1770342753-AD7URoewNIuj2QYSCcJiVHzm.jpg?width=1200	unknown
member-189	キア	키아	Kiah	DX	https://x.com/D_X_Kiah	https://assets.st-note.com/img/1770342805-qshM4U72C6PBJcIGQVKujdwS.jpg?width=1200	unknown
member-190	ナイン	나인	NiNE	DX	https://x.com/D_X_NiNE	https://assets.st-note.com/img/1770342858-E4etfH71DMLS5rpjzgcGVyJl.jpg?width=1200	unknown
member-191	イドゥ	이드	idd	DX	https://x.com/D_X_idd	https://assets.st-note.com/img/1770342909-zWmCHaEhjlGxUDTtofvYq8Pp.jpg?width=1200	unknown
member-192	ある	아루	ARU	EITSUKU	https://x.com/EITSUKU_ARU	https://assets.st-note.com/img/1772744527-iH2ITpSPoF7Vn84l0ODtkvsb.jpg?width=1200	ok
